customer_id,total_ratings,avg_star_rating,avg_helpful_votes,avg_sentiment,avg_review_length,products_reviewed,percent_reviewed_after_purchase,top_keywords,password
33774,1,5,0,0.272,16,1,1,"high, quality, product., fast, shipping., completely, satisfied., refreshing, effect, ,",u_1
50642,1,4,0,0,15,1,0,"i, wanted, something, different, for, my, sponges, scratchers, this, is",u_2
77557,1,5,0,0.510606061,29,1,0,"my, not, new, school, smell, but, still, smells, great!!!, hubby",u_3
91020,1,5,0,0.91,2,1,0,"very, good",u_4
106879,1,4,0,0.25,15,1,1,"these, powder, puffs, pretty, much, okay,, i, just, wish, they",u_5
120882,1,5,0,0.458333333,9,1,0,"natural,, chemical, free, soap., it, smells, good, also!",u_6
133323,1,5,4,0.087142857,126,1,1,"the, to, i, of, very, was, you, in, out, little",u_7
177446,1,5,0,0,1,1,1,verygood,u_8
183666,1,5,0,0.666666667,22,1,1,"my, is, excellent, product., skin, softer, clearer., someone, guessed, age",u_9
207440,1,5,0,0.291282051,131,1,1,"the, to, i, it, not, very, is, product, use, me",u_10
207927,1,4,0,-0.05,10,1,1,"i, its, different, from, what, expected, but, like, it.",u_11
220069,1,5,0,0.303125,11,1,1,"we, loved, them, thanks, so, much!!, will, definitely, be, ordering",u_12
242200,1,3,1,0.266666667,29,1,1,"as, using, i, don't, feel, if, this, gives, me, much",u_13
254778,1,5,0,0.171296296,38,1,1,"to, it, as, the, is, you'll, definitely, need, 2-3, coats",u_14
283456,1,5,0,0.31,39,1,0,"i, really, like, makes, my, no, received, free, for, review,",u_15
294612,1,1,0,-0.4,38,1,1,"the, in, products, was, extremely, disappointed, size, of, i, ordered.",u_16
295410,1,5,0,0,11,1,1,"sturdy, quality, instruments., it, does, the, job, exceeded, my, expectations.",u_17
300396,1,3,0,0.05,12,1,1,"the, fragrance, it's, self, wouldn't, last,, it, would, ware, off",u_18
324859,1,5,0,0.35,39,1,0,"i, use, mascara, it, this, also, the, to, have, minimal",u_19
415644,1,1,6,0,7,1,1,"this, does, not, seem, surgical, grade, steel.",u_20
450956,1,5,0,0.366215946,110,1,1,",, i, these, with, the, love, have, them, many, do",u_21
472346,1,5,0,0.91,2,1,1,"very, good",u_22
506786,1,5,0,0.075,4,1,1,"exactly, what, was, expected",u_23
512854,1,1,15,0.5125,38,1,1,"to, i, chose, go, with, brand-name, because, believed, that, the",u_24
522136,1,1,3,0,20,1,1,"for, my, not, skin!!, i, used, it, 3, days, face",u_25
544029,1,5,0,0.7,1,1,1,good,u_26
578586,1,5,0,1,3,1,1,"love, it, !!!!!!",u_27
602268,1,5,0,0.433333333,7,1,1,"easy, to, use., works, well, as, described",u_28
657129,1,1,0,0.10625,29,1,1,"i, not, did, like, actually, it., gave, it, to, my",u_29
694059,1,5,0,0.58125,26,1,1,"i, so, this, one, of, the, best, investments, i've, ever",u_30
712095,1,5,0,0,9,1,1,"i, got, this, for, my, wife, she, loves, it",u_31
724022,1,5,0,0.5,3,1,0,"love, the, shaver.",u_32
732949,1,5,1,0.375,11,1,1,"small, size, ,but, sufficient, for, teeth, cleaning., perfect, as, my",u_33
754795,1,5,0,0.51875,71,1,0,"for, to, price, perfect, purple, like, the, mix, of, great",u_34
799368,1,5,0,0.683333333,10,1,0,"great, product, at, price!, fast, shipping, too!",u_35
823235,1,3,0,0.3,19,1,0,"not, fan, of, this, one, as, much,, i'd, much, prefer",u_36
827424,1,4,0,0,12,1,0,"it, is, durable,, only, one, pass, you, have, defined, your",u_37
828065,1,4,0,0.6,22,1,1,"the, i, love, shampoo, rinse,, but, not, convinced, vitamins, do",u_38
853300,1,4,0,0.466666667,4,1,0,"wonderful., more, than, expected.",u_39
865548,1,5,0,-0.0125,23,1,1,"my, is, i, love, this, iron..., only, concern,, it, second",u_40
868175,1,5,0,0.433333333,7,1,0,"works, well, is, easy, to, use.",u_41
934867,1,5,0,0.133333333,40,1,0,"i, for, this, my, face., have, been, using, 2, weeks",u_42
961145,1,5,0,0.41547619,43,1,1,"so, much, light, the, love, this, mirror!, it's, easier, to",u_43
1015834,1,5,0,0.4375,26,1,1,"it, i, thought, was, lot, pinker, than, going, to, be!",u_44
1028096,1,5,1,0.229166667,10,1,1,"eye, very, useful!, it, can, clean, shadow, black",u_45
1043905,1,4,0,0.7,19,1,1,"i, smells, good,, but, use, with, ventilation,, wish, they, would",u_46
1084737,1,5,1,0.15,84,1,0,"i, the, was, it, my, used, mederma, this, as, 2",u_47
1122970,1,5,0,0,1,1,1,excelente....,u_48
1186446,1,5,0,0.5,8,1,1,"nice, smooth;, always, clears, my, skin, up",u_49
1210935,1,5,1,-0.115,28,1,1,"the, it, taste, very, nice, color, lasts, longer, than, other",u_50
1316021,1,5,0,-0.075,66,1,0,"i, to, my, was, this, tea, tree, oil, lice, but",u_51
1365923,1,5,0,0.78125,4,1,1,"totally, love, them, !!",u_52
1430793,1,5,0,0.8,4,1,1,"great, hold., smells",u_53
1443478,1,5,0,0.5,3,1,1,"love, the, perfume",u_54
1553860,1,5,0,0.422222222,109,1,1,"skin, this, your, serum, has, of, to, look, i've, used",u_55
1577708,1,5,0,0.5,24,1,1,"don't, your, i, if, you, have, this, in, life, know",u_56
1580486,1,4,0,0.3075,87,1,1,"i, this, it, the, to, been, not, of, but, as",u_57
1580522,1,5,0,0.6,1,1,1,nice,u_58
1617972,1,4,0,0.251258503,104,1,0,"i, this, you, it, use, months, for, to, eye, if",u_59
1632999,1,4,0,0.825520833,10,1,1,"i, satisfied, with, the, product!!!, excellent, love, it",u_60
1650216,1,3,0,-0.19375,6,1,1,"no, huge, difference...but, maybe, little",u_61
1656301,1,5,1,0.268277311,111,1,1,"the, this, cheap, to, if, you, is, version, for, i",u_62
1683139,1,5,0,0.5,2,1,1,"fantastic, product!",u_63
1712419,2,5,0,0.75,4,2,0.5,"the, best, products, :)",u_64
1740891,1,5,0,0.5,3,1,1,"love, this, stuff",u_65
1778076,2,5,0,0.46015625,25.5,2,1,"eye, this, is, sensitive, the, i, great, lashes!, perfect, lightweight",u_66
1818597,1,2,3,0.283333333,45,1,1,"the, i, it, my, was, of, wanted, to, love, this",u_67
1820213,1,5,0,0.3,21,1,1,"., this, stuff, works, at, least, for, me, it, tightens",u_68
1938332,1,5,0,0,6,1,1,"only, products, i, use!!!<br, />excellent, curl!!",u_69
1959356,1,5,0,0.44375,14,1,1,"to, fantastic, quality,, i'm, very, excited, use, these., took, 3",u_70
1978092,1,4,0,0.716666667,8,1,0,"excellent, product,, as, advertised, easy, to, use",u_71
1982763,1,5,0,0.91,2,1,1,"very, good",u_72
2010410,1,5,1,0.1625,37,1,1,"(eye, on, left, has, 1, coat, of, the, mascara), this",u_73
2043798,1,5,5,0.476388889,63,1,1,"i, was, because, but, glue, it, really, great, pack, of",u_74
2113708,1,4,0,0.2,24,1,1,"the, great, product,, does, job,, probably, didn't, need, to, get",u_75
2127676,1,5,0,0.91,3,1,0,"very, good, item",u_76
2140496,1,1,1,0.374358974,9,1,1,"great, product, !!!, really, holds, loose, caps, in, place.",u_77
2149956,1,1,0,0.433333333,2,1,1,"break, easily",u_78
2153019,1,5,1,0,3,1,1,"i, like, bee's",u_79
2172511,1,5,0,0.501041667,36,1,0,"oil, the, it's, this, is, wonderful!!, shipped, super, fast,, pump",u_80
2196373,1,5,0,0.8,2,1,1,"works, great",u_81
2211896,1,5,0,0,1,1,1,excelente,u_82
2221873,1,5,1,0.353703704,52,1,1,"my, i, to, of, the, gums, receding,, so, need, take",u_83
2336346,1,5,0,0.625,3,1,1,"love, it, !",u_84
2376923,1,3,11,0.125,25,1,1,"it, for, i've, only, had, two, days, now,, but, is",u_85
2407118,1,5,0,0.169444444,45,1,1,"i, that, this, is, the, on, medication, gives, me, dry",u_86
2438151,1,5,0,0.456410256,121,1,1,"to, the, palette, you, but, it, for, this, is, if",u_87
2456231,1,5,0,0.26,84,1,1,"i, to, the, with, it, was, safety, went, it's, safe",u_88
2476329,1,5,0,0.5,9,1,1,"i, like, the, product, very, much.my, skin, looks, great.",u_89
2481013,1,2,2,0,11,1,1,"the, i, received, cleansing, express, liquid,, not, eye, makeup, remover!",u_90
2541228,1,5,0,0.533333333,13,1,1,"this, is, great, soap, make, the, body, feel, so, good",u_91
2546030,1,1,0,0,20,1,0,"these, rollers, burnt, my, scalp,, clips, didn't, hold, curl, only",u_92
2572716,1,5,0,0.566666667,22,1,1,"one, just, received, 7, of, my, parfums, today,, each, is",u_93
2578140,1,3,0,0.166666667,10,1,1,"very, watery,, have, to, apply, frequently., does, not, do, much.",u_94
2719204,1,3,0,0.15,41,1,1,"i, this, product, would, good, buy, got, believed, be, such",u_95
2724889,1,5,1,0.27265625,90,1,0,"it, i, is, strong, this, stuff, the, fragrance, for, rocks.",u_96
2767643,1,5,1,0.133333333,38,1,1,"., ,, they, do, the, job, look, stylish, i, hate",u_97
2780941,1,5,1,0.586,27,1,1,"these, the, best, beauty, blenders, i, have, purchased!, they, smaller",u_98
2810540,1,4,1,0.217142857,39,1,1,"to, for, the, this, is, soap, go, deep, clean, however",u_99
2833283,1,5,0,1,1,1,1,great!,u_100
2860053,1,5,0,-0.083333333,11,1,1,"expensive, not, bit, does, the, same, brow, gel, does.",u_101
2889021,1,4,1,0.5,8,1,1,"i, love, this, product., always, works, for, me",u_102
2909389,1,4,0,0.7,1,1,1,good,u_103
2912092,1,1,2,1,37,1,1,"the, it, is, i, product, amazing, but, pump, broke, one",u_104
2965612,1,5,0,0.445,110,1,1,"for, i, so, dotting, nail, they, work, these, of, to",u_105
2986231,1,3,3,0.366666667,228,1,0,"to, i, my, it, mascara, as, that, the, this, favorite",u_106
3031569,1,4,0,0.45,23,1,1,"the, i, like, scent, of, soap,, odor, reducer, it, helps",u_107
3048473,1,5,0,0.555,6,1,1,"very, good, product, fast, shipping",u_108
3084759,1,1,0,-0.163888889,18,1,1,"too, don't, really, like, it., often, makes, my, neck, hurt",u_109
3106107,1,5,0,0.95,23,1,1,"excellent, in, i, took, it, to, my, wife,, very, arrived",u_110
3110869,1,5,0,0.6,6,1,0,"these, nice, quality, product.",u_111
3190506,1,5,0,0.5,11,1,1,"the, best, beauty, blenders, i've, purchased, will, definitely, be, ordering",u_112
3195210,1,5,0,1,3,1,1,"best, makeup, removerï¼",u_113
3213677,1,5,0,1,2,1,0,"very, good!",u_114
3258072,1,5,0,0.8,2,1,1,"great, product.",u_115
3312736,1,5,0,0.275,5,1,1,"delicate, beautiful, fragrance",u_116
3388294,1,1,0,0.2,7,1,0,"very, streaky,, will, not, be, using, again.",u_117
3665394,1,1,0,0.035416667,26,1,1,"was, well., flimsy!, lasted, less, than, day!, fit, off, as",u_118
3672807,1,5,0,1,8,1,1,"perfect, use, for, kids, travel, use.",u_119
3684225,1,5,1,0.175,16,1,1,"this, is, so, cool, makes, your, feet, feel, wonderful....i, will",u_120
3706861,1,3,0,0.192857143,56,1,1,"the, was, our, charger, it, we, have, as, works, fine.",u_121
3805078,1,1,1,-0.975,29,1,1,"it, on, turned, within, 20, seconds, started, smoking, set, fire",u_122
3932041,1,5,0,0,10,1,1,"i, like, the, fragrance,, of, course,, was, on, time, shipment.",u_123
4028997,1,5,0,0.25,5,1,1,"love, the, different, tip, sizes",u_124
4090438,1,5,0,0.237412587,130,1,0,"i, skin, my, been, so, youth, cream, natural, soap, from",u_125
4150804,1,5,0,0.666666667,12,1,1,"excellent-, traditional, toothbrush, can't, get, under, my, braces., this, works",u_126
4159606,1,5,0,-0.046875,44,1,1,"this, the, my, i, is, replacement, because, base, of, other",u_127
4224840,1,5,0,0.3,10,1,0,"my, skin, feels, so, soft, smooth, since, using, this!",u_128
4394842,1,5,0,0.4,11,1,1,"this, is, nice, smelling, perfume,, i, really, like, it.",u_129
4561599,1,5,0,0.5,5,1,1,"very, drying., beware., great, product.",u_130
4767660,1,5,10,0.136363636,8,1,1,"this, works, from, inside, out...lots, of, new, hair",u_131
4803163,1,5,0,0.9,8,1,1,"great, these, tools, buy., quality!",u_132
4828403,1,1,1,-0.4,5,1,1,"broken, since, the, firast, use",u_133
4851604,1,2,0,0.2,13,1,0,"i, using, it, now, ca., 14, days,, cannot, see, much",u_134
4870907,1,5,0,0.5875,22,1,1,"keeps, me, hydrated,, toned,, feeling, fresh, day/night., my, boyfriend, even",u_135
4931078,1,3,15,0.156944444,185,1,1,"the, i, it, bottle, had, second, pump, so, to, first",u_136
5056327,1,5,0,0.481111111,14,1,1,"good, very, soap., ignore, the, black, color., this, soap, works",u_137
5057507,1,5,2,0.2425,28,1,1,"they, i, these, nice, size., look, prety., just, like, the",u_138
5072985,1,5,0,0.3925,101,1,0,"the, i, is, tanner, it, of, like, this, scent, to",u_139
5131805,1,5,0,0.9765625,10,1,1,"bought, this, for, my, husband., it's, his, favorite, cologne...smells, woooonderful!!!",u_140
5152080,1,5,0,0.5,4,1,0,"skin, is, getting, better.",u_141
5154171,1,4,0,0.152083333,59,1,1,"really, the, is, it, like, i, this, because, but, lip",u_142
5173631,1,5,0,0.474,40,1,1,"the, this, very, product, came, exactly, as, shown, described., it's",u_143
5246170,1,5,0,0.7,2,1,1,"good, product",u_144
5261935,1,2,0,0.5,13,1,0,"didn't, like, the, smell...., glad, i, got, this, on, trial",u_145
5344737,1,5,2,0.122120811,217,1,1,"i, the, to, my, this, it, not, one, is, on",u_146
5356306,1,4,0,-0.125,4,1,1,"sharp, smell, but, works.",u_147
5410918,1,3,0,-0.171666667,64,1,1,"i, my, head, these, them, of, to, was, disappointed, with",u_148
5471625,1,5,0,0.5,3,1,1,"i, love, this.",u_149
5486164,1,5,8,-0.06,56,1,1,"i, on, this, it, have, make, up, to, my, seen",u_150
5606393,1,4,0,0,39,1,1,"i, in, the, have, can, see, difference, short, time, used",u_151
5655685,1,3,0,0,7,1,1,"by, 3, days, in, they, start, breaking",u_152
5747976,1,5,0,0.511904762,41,1,1,"i, is, for, like, this,, my, first, proyect,, don't, do",u_153
6104869,1,5,0,0.8,2,1,1,"great, stuff",u_154
6157912,1,5,0,0,2,1,1,"as, advertised",u_155
6221261,1,3,1,0.16,41,1,1,"is, it, to, if, i, too, early, tell, there, effect",u_156
6384183,1,5,2,0.488888889,50,1,0,"i, this, like, that, have, using, for, week, now, with",u_157
6390261,1,5,0,1,1,1,1,great!,u_158
6493836,1,5,0,0.755,8,1,1,"nice, men's, perfume, for, very, good, price.",u_159
6644650,1,4,0,0.7,2,1,1,"it's, good",u_160
6658023,1,5,0,1,17,1,1,"it, worked, like, the, doctor, said, would., my, son, was",u_161
6722780,1,5,0,1,1,1,1,great!,u_162
6734099,1,5,0,0.6,2,1,1,"nice, product",u_163
6862367,1,5,0,0,5,1,1,"work, well,, lots, of, colors!",u_164
6983945,1,4,0,0.462962963,80,1,1,"good, my, i, so, the, philips, sonicare, tooth, will, not",u_165
7011810,1,5,0,-0.003409091,28,1,1,"exactly, as, described., my, new, go, to,, everyday,, goes, with",u_166
7048603,1,5,33,0.335595238,114,1,0,"i, this, on, is, my, it, very, lashes, no, even",u_167
7074164,1,3,0,-0.379166667,5,1,1,"does, not, blow, very, hard.",u_168
7410355,1,5,0,0.333333333,5,1,1,"so, worth, it., clean, teeth",u_169
7434789,1,5,0,0.3625,18,1,1,"love, this, oil!, my, skin, has, never, felt, so, soft.",u_170
7451543,1,5,0,0.334722222,30,1,1,"the, took, less, than, week, for, them, to, arrive., nice",u_171
7558270,1,1,1,0.45,27,1,1,"this, for, my, eyes., face, did, nothing, i, also, purchased",u_172
7565663,1,5,0,0,1,1,1,goid,u_173
7582510,1,4,0,0.32,38,1,1,"for, it, using, smells, nice., not, much, product, the, price.",u_174
7603478,1,4,0,0.4,22,1,0,"it, honest, review., this, stuff, was, amazing., not, only, did",u_175
7792318,1,1,0,0,9,1,1,"no, big, difference, in, my, lash, length, or, thickness",u_176
7804273,1,2,1,0.108138889,156,1,1,"i, it, the, on, to, so, of, my, not, is",u_177
7980809,1,4,1,0.3625,28,1,1,"love,, it, i, love, this, product., does, exactly, what, it's",u_178
8303249,1,3,0,0.7,6,1,0,"it, i, like, smell, good",u_179
8372581,1,2,1,-0.017857143,5,1,1,"too, large, for, small, nailsðŸ˜©...",u_180
8373915,1,4,0,0.18,37,1,1,"it, was, nice, product., the, i, as, only, thing, didn't",u_181
8408901,1,1,0,0.416666667,5,1,1,"everything, was, fine,, thank, you.",u_182
8573447,1,5,0,0,2,1,1,"as, always",u_183
8642965,1,5,2,0.205,12,1,1,"but, for, expensive, very, good., not, just, scars,, wrinkles, also.",u_184
8690215,1,4,0,0.359895833,15,1,0,"love, this, stuff!, my, skin, is, really, showing, improvement,, less",u_185
8752775,1,5,0,0.243589744,134,1,0,"i, have, the, my, for, skin, it, did, in, that",u_186
8778766,1,5,0,0.4375,24,1,1,"the, awesome!!, i, can, feel, heat, upto, my, scalp, not",u_187
8866064,1,5,0,0.174479167,58,1,1,"to, it, is, i, had, pih, scars, this, my, not",u_188
8924482,1,5,0,0.5375,32,1,0,"this, i, really, like, serum., it, is, very, refreshing, nice",u_189
9099810,1,5,2,0.353333333,72,1,1,"the, make, up, i, this, used, my, to, but, is",u_190
9163296,1,1,0,-1,9,1,0,"smell, so, bad.<br, />the, worst, i've, ever, get.",u_191
9245887,1,5,0,0.6425,26,1,1,"i, mirror, was, well, pleased, with, this, bought, two, of",u_192
9366769,1,5,4,0.241388889,103,1,1,"i, the, with, for, these, quality, but, sponges, my, size",u_193
9432275,1,5,0,0.221527778,59,1,1,"blackheads, for, the, you, they, work, extremely, well.<br, />pros:, easy",u_194
9572140,1,5,0,0.7,2,1,1,"good, product",u_195
9614745,1,5,0,-0.05625,41,1,0,"not, i'm, male, two, weeks, of, using, this, product,, i",u_196
9678610,1,5,0,0.189166667,37,1,1,"well, have, re-ordered, based, on, noticeable, improvements., this, product, matches",u_197
9736241,1,5,0,-0.15,22,1,1,"on, to, i, use, this, lashes, before, mascara, separate, prepare",u_198
9781370,1,5,0,0.391666667,19,1,0,"i, use, this, to, tame, my, brows, shape, them., it",u_199
9791978,1,4,0,1,3,1,1,"good, 2, go!!..",u_200
9975063,1,4,5,-0.059027778,63,1,1,"i, have, it, scar, is, off, been, using, for, 3",u_201
10014376,1,5,0,0.672916667,25,1,1,"i, they, have, the, most, amazing, customer, service!!, would, totally",u_202
10024141,1,5,0,0.5,14,1,0,"great, buy, for, the, price., item, works, as, described, was",u_203
10052858,1,5,1,0.7,13,1,1,"my, mother, loved, this, perfum, she, always, likes, getting, these",u_204
10067846,1,5,0,0.5,2,1,1,"love, it",u_205
10107778,1,5,1,0.239469697,85,1,1,"i, it's, eye, the, really, make, up, on, it, my",u_206
10111223,1,5,1,0.55,7,1,1,"smells, delicious, my, skin, feels, soft",u_207
10166950,1,1,1,-0.021212121,25,1,1,"not, to, one, new, hair, in, month., dont, want, wait",u_208
10204080,1,5,2,0.2,65,1,1,"i, use, to, makeup, bifesta, my, for, will, facial, eye",u_209
10210946,1,5,0,0.248888889,45,1,1,"it, was, by, i, the, pillow, this, suggested, to, me",u_210
10287357,1,4,2,0,20,1,1,"everybody, seems, to, rave, this, remover., however,, i, found, it",u_211
10298323,1,5,0,0.533333333,34,1,1,"you, talk, the, best, thing, will, ever, use., this, leaves",u_212
10305297,1,5,1,0.145925926,104,1,1,"i, the, my, skin, in, it, began, soap, face, very",u_213
10438743,1,3,0,0.175,19,1,1,"didn't, really, work, well, for, me., 6, days,, minimal, peeling",u_214
10470686,1,2,0,0,10,1,1,"didn't, see, difference, in, skin, weeks, of, use.",u_215
10473277,1,3,0,0.047,29,1,1,"it's, for, the, does, not, look, so, tiny, online., very",u_216
10554970,1,5,0,0.466666667,7,1,1,"just, as, expected., good, quality,, great, price.",u_217
10592389,1,5,0,0.194642857,70,1,1,"i, that, is, powder,, of, one, the, fine, it, nice",u_218
10593238,1,1,1,0,1,1,1,junk,u_219
10597358,1,2,0,-0.166666667,31,1,1,"i, find, for, the, is, probably, lashes,, but, eyebrows, brush",u_220
10678093,1,5,0,1,1,1,1,excellent!,u_221
10699766,1,3,1,-0.328125,17,1,1,"this, pallet, has, some, very, beautiful, colors, in, it, but",u_222
10727172,1,5,0,0,25,1,0,"he, my, husband's, favorite, soap., can't, use, anything, else, now",u_223
10745743,1,5,2,0.303869048,32,1,1,"i, to, wow, ,, now, can, see, more, than, want",u_224
10797988,1,5,0,0.625,4,1,1,"love, the, colors!",u_225
10802999,1,5,2,0.452083333,32,1,1,"i, have, never, smoked, but, always, had, &#34;puckered&#34;, lips., when",u_226
10808760,1,5,0,0.533333333,29,1,1,"my, it, foundation, love, the, soft, feeling, of, this, sponge",u_227
10821511,1,5,3,0.327083333,25,1,1,"you, great, for, my, small, hooded, eyes., looks, natural, if",u_228
10873848,1,5,0,0.344444444,47,1,1,"it, the, strong, is, love, have, used, 2.5, version, for",u_229
10885584,1,1,0,-0.25,4,1,1,"puffs, way, too, small",u_230
10908228,1,5,0,0.35,32,1,1,"got, for, my, i, it, as, gift, father, in, law",u_231
10917884,1,5,1,0.180208333,225,1,1,"i, my, it, this, is, to, the, on, for, of",u_232
10921580,1,5,0,0.25,11,1,1,"i, love, this, product., it, arrived, 2, days, earlier, than",u_233
10922136,1,5,1,0.654166667,22,1,1,"so, best, eye, makeup, remover, i, ever, used, (well,, at",u_234
11008267,1,4,0,0.268518519,57,1,1,"will, you, as, shave, do, the, job, just, it's, slightly",u_235
11046870,1,5,0,0.2375,18,1,1,"the, these, little, bottles, perfect., rollerball, can, be, popped, off",u_236
11052464,1,5,0,0,11,1,1,"bought, it, for, my, husband, he, seems, to, like, it.",u_237
11060746,1,4,0,0.316666667,38,1,1,"the, i, for, they, them, my, price, these, caps, were",u_238
11098319,1,5,0,0.575,12,1,1,"i, love, this, scent,, it, is, very, potent, without, being",u_239
11106500,1,3,0,0.15,31,1,1,"eyeliner, does, not, stay, on, day., starts, smearing, few, hours",u_240
11192289,2,5,0,0,27,2,0,"for, this, is, god, so, may, things, looked, it, up",u_241
11226576,1,3,0,0.433333333,8,1,1,"it, tans, nicely,, leaving, skin, nice, soft.",u_242
11242681,1,3,1,0.145,6,1,1,"works, ok,, doesn't, last, very, long.",u_243
11257536,1,4,1,0.236328125,36,1,0,"i, super, to, it, wish, had, discovered, this, years, ago",u_244
11272027,1,5,0,0.56,53,1,1,"it, for, my, i, have, shipped, in, 2, weeks., is",u_245
11285412,1,5,0,0.433333333,35,1,1,"the, it, perfect, for, face., not, oily, or, heavy., i",u_246
11378673,1,5,1,1,7,1,1,"the, best, makeup, remover, i, have, used!",u_247
11387373,1,5,1,0.5625,13,1,1,"is, the, best., this, don't, use, other, version., original, version",u_248
11396906,1,1,1,0.074489796,26,1,1,"rough, fabric,, not, light, tight., only, pro, is, the, clip",u_249
11424467,1,5,0,0.6,2,1,1,"really, nice",u_250
11426808,1,1,0,0.05,39,1,1,"is, you, lashes, or, this, crap.....cant, tell, even, put, it",u_251
11439288,1,4,0,0,2,1,1,"like, it",u_252
11462556,1,5,2,0.166666667,203,1,1,"it, this, your, is, i, on, you, in, the, like",u_253
11465718,1,3,0,0.1875,5,1,1,"the, pigment, isn't, rich, enough",u_254
11467835,1,5,0,0.7,4,1,0,"it, works, well., good",u_255
11470072,1,5,0,0.5,7,1,1,"as, described,, great, price, fast, shipping",u_256
11492886,1,2,1,0.146111111,44,1,1,"my, this, the, end, it, cure, product, was, very, strong",u_257
11521548,1,5,0,0.2,3,1,1,"works, very, well.",u_258
11554099,1,5,6,0.216666667,63,1,1,"to, my, skin, i, this, it, the, keep, in, have",u_259
11554163,1,5,0,0.666666667,14,1,1,"the, great, curlers!, they, heat, up, fast, size, of, rollers",u_260
11591364,1,1,19,-0.198412698,227,1,1,"the, i, to, &, it, not, tried, with, oils, them",u_261
11633048,1,5,0,0,3,1,0,"bought, second, time",u_262
11675659,1,2,0,0.170833333,41,1,1,"this, it, not, to, mascara, is, okay., pros-, it's, day",u_263
11678643,1,3,0,-0.1,48,1,1,"the, it, smell, wasn't, i, to, awful,, but, great, either.",u_264
11771256,1,5,0,0.155208333,67,1,1,"because, the, my, mask, is, very, i, massive, street, lights",u_265
11801129,1,4,0,0.8,15,1,0,"the, oi, is, great, but, offer, to, receive, this, for",u_266
11805411,1,5,7,0.05,26,1,0,"i, it, other, love, this, eyeliner., lasts, long, time,, has",u_267
11827914,1,4,2,0.7,8,1,1,"good, product., no, irritation, of, skin., service",u_268
11840363,1,5,4,0.193154762,98,1,1,"is, but, the, little, powder, i, with, my, skin, it",u_269
11948329,1,5,0,0.7,29,1,1,"this, electric, i, because, is, great, toothbrush., bought, the, dentist",u_270
11948473,1,5,1,0.234722222,36,1,0,"in, the, love, it!, has, lasted, forever, heats, up, supper",u_271
11963782,1,5,0,0,8,1,1,"i, keep, them, with, me, the, time.",u_272
11998035,1,1,3,0.181666667,154,1,1,"i, to, the, be, have, of, these, but, 3, times",u_273
12001812,1,4,0,0.633333333,31,1,1,"to, or, these, perfect, fill, when, traveling, carry, in, bag",u_274
12067713,1,5,0,0.5,6,1,1,"2nd, time, i, have, ordered!, great!",u_275
12103447,1,5,0,0.733333333,2,1,0,"pleasant, taste",u_276
12115257,1,1,6,0.020833333,143,1,1,"the, i, with, it, only, this, so, de, bought, better",u_277
12170283,1,4,2,0.123672687,222,1,1,"the, to, />-, i, with, waves, get, on, of, in",u_278
12282660,1,5,0,1,10,1,1,"excellent, product, for, the, eyes, with, wonderful, consistency., recommended.",u_279
12408569,1,5,0,0.625,5,1,1,"i, love, everything, ordered!",u_280
12440729,1,5,3,0.025648148,138,1,1,"hair, it, her, the, she, to, i, this, have, on",u_281
12441444,1,5,1,0.204166667,45,1,0,"i, the, these, when, to, is, great, for, lipstick, or",u_282
12444365,1,5,0,0.180989583,38,1,1,"the, my, feet, look, years, younger, feel, so, much, softer!",u_283
12467071,1,5,0,1,3,1,1,"best, razor, ever!",u_284
12558977,1,5,0,0.561111111,22,1,1,"i've, used, this, exact, eyeliner, for, over, 10, years., it",u_285
12563414,1,5,0,0.32,22,1,1,"the, it's, very, nice., on, small, side, but, no, stains",u_286
12573089,1,5,0,0.485,35,1,1,"i, love, this, oil!, use, essential, oils, everyday, has, been",u_287
12615617,1,5,1,0.4,18,1,1,"this, is, the, yummiest, smelling, soap, with, great, ingredients., i",u_288
12638443,1,1,7,0,45,1,1,"i, the, would, have, ingredients, this, was, wish, seller, listed",u_289
12731020,1,5,0,0.496428571,26,1,1,"is, that, the, excellent, product,, works, beautifully., seller, very, eager",u_290
12800370,1,5,0,0.8,2,1,1,"works, great.",u_291
12838797,1,5,0,0.636666667,18,1,1,"i, bought, this, for, my, wife, must, say, it's, very",u_292
12912389,1,5,0,0,1,1,1,terrific,u_293
12917162,1,3,0,0.5,29,1,1,"i, not, the, does, it, 100%, sure, yet, product, what",u_294
12920459,1,5,0,0.25,16,1,1,"my, dentist, loves, me, now., made, big, difference, in, health",u_295
12942443,1,4,6,0.32037037,130,1,0,"the, leaves, this, is, it, from, palm, oil,, great, soap,",u_296
12982478,1,2,0,-0.08,97,1,0,"for, it, the, i, you, your, didn't, burning, feeling, that",u_297
13019751,1,2,0,0,7,1,1,"my, kids, said, it, burned, their, eyes.",u_298
13024077,1,5,0,0.377179487,75,1,1,"i, the, very, was, to, on, my, tools, you, received",u_299
13045676,1,5,0,0.8,11,1,0,"&, great, value, works, well!, nice, packaging, quality, dropper, included.",u_300
13077094,1,4,1,0.175,10,1,1,"left, hair, soft,, frizz, free., curls, were, very, defined.",u_301
13130358,1,5,2,0.5,28,1,1,"it, i, love, the, have, this, holder., way, looks, fact",u_302
13153002,1,3,0,0.163333333,23,1,1,"my, i, like, the, product., facial, discolorations, is, slowly, fading.",u_303
13158604,1,5,1,0,11,1,1,"husband, needed, glasses., these, look, much, more, expensive, than, they",u_304
13160570,1,3,0,-0.17,13,1,1,"not, as, tools, high, quality, &#34;tweezerman&#34;, or, the, like., impressed.",u_305
13179235,1,4,0,0.208333333,16,1,1,"wish, these, were, bit, larger,, but, as, is,, will, hold",u_306
13210633,1,5,0,0.78125,3,1,1,"love, this, shampoo!!",u_307
13272196,1,5,0,0.219642857,71,1,1,"i, eye, use, my, is, little, it, for, best, gel",u_308
13273904,1,5,0,0.3125,7,1,1,"will, continue, to, buy, this, exact, item!",u_309
13277387,1,3,0,-0.087944444,241,1,1,"it, to, the, i, mustache, /><br, for, was, this, wax",u_310
13345466,1,5,4,0.201315789,155,1,1,"to, the, on, i, like, using, this, is, not, lot",u_311
13425098,1,5,1,0,9,1,1,"i, like, this, product., lightweight,, not, greasy,, moisturizes, well.",u_312
13504631,1,5,0,0.225336974,609,1,0,"that, i, the, this, it, is, to, mask, in, my",u_313
13510898,1,5,0,0.27,40,1,1,"the, this, for, is, mirror, i'm, happy, with, price., it",u_314
13551244,1,5,1,0.25,100,1,0,"of, this, in, they, you, i, for, to, acrylic, get",u_315
13615383,1,5,0,0.688888889,17,1,1,"razor, burn,, nicks, irritations, seem, to, disappear, instantly!, pleasant, smell,",u_316
13731606,1,5,2,0,15,1,1,"for, bought, this, my, husband, mail, pattern, baldness., it, does",u_317
13740274,2,5,0,0.266666667,46,1,1,"i, love, this, to, liner,, in, arizona,, so, we, sweat!",u_318
13836040,1,5,0,0.625,3,1,1,"my, favorite, incense!",u_319
13843152,1,5,0,0.202430556,57,1,0,"this, soap, to, the, is, works, great, for, people, who",u_320
13856575,1,5,0,0.103082096,191,1,0,"the, this, /><br, i, it, in, is, oil, that, of",u_321
13861321,1,5,0,0.733333333,33,1,1,"i, my, curls, love, this, curl, defining, gel., look, feel",u_322
13875337,1,4,2,0.01969697,67,1,1,"it, you, the, since, it's, but, to, dry, on, i",u_323
13919272,1,5,0,0.132638889,114,1,1,"i, my, the, as, bought, chin, to, mouth, that, up",u_324
13989875,1,3,0,0.2,14,1,1,"i, haven't, seen, much, change, but, keep, hoping., use, it",u_325
14046036,1,5,2,0.4,14,1,1,"works, great., always, get, compliments, using, it., only, take, me",u_326
14099485,1,5,0,0.7,11,1,1,"this, is, good, product, worked, out, well, for, me.",u_327
14116553,1,4,0,0.144444444,23,1,0,"it, arrived, quickly, is, working, well, so, far., i, need",u_328
14126497,1,5,0,0.65625,5,1,1,"this, really, works!!, great, buy!!",u_329
14142460,1,1,0,-0.7,20,1,1,"the, of, scent, deodorant, has, changed, it, is, not, as",u_330
14254159,1,4,0,0.8,12,1,1,"great, for, temporary, fix, until, you, can, get, to, the",u_331
14334018,1,5,0,0.607142857,7,1,1,"wonderful, stuff., 100%, pure, tea, tree, oil.",u_332
14340115,1,5,0,0.6,5,1,0,"fast, shipment,, excellent, product!",u_333
14365948,1,5,10,0.112083333,96,1,1,"i, the, -, have, it, at, this, for, was, 1/2",u_334
14384784,1,5,0,0.8,2,1,0,"great, smelling.",u_335
14418767,1,5,0,0.625,9,1,0,"love, these!, leaves, my, hair, shiney, healthy, looking!",u_336
14420869,1,4,0,1,2,1,1,"great, product!",u_337
14428502,1,5,6,0.316666667,58,1,1,"bought, of, i, more, the, is, first, one, these, at",u_338
14432705,1,5,0,0.2125,7,1,0,"love, this, soap., light, fragrance., long, lasting.",u_339
14444391,1,5,1,0.5,2,1,1,"great., thanks.",u_340
14459798,1,5,3,0.4,17,1,1,"great, for, spinning, tops, if, you, need, smooth, surface, with",u_341
14473746,1,5,12,0.246875,128,1,0,"i, it, is, my, this, to, think, stuff, />i, use",u_342
14489765,1,3,0,0.78,15,1,1,"it, i, have, not, used, as, of, yet, but, is",u_343
14516021,1,3,1,0,33,1,1,"they, i, be, can, used, 5, times, before, begin, to",u_344
14548643,1,3,1,0.256944444,16,1,1,"as, not, effective,, useful, our, user, friendly, expected., works, well",u_345
14573917,1,5,0,0.55,13,1,1,"so, far, this, product, has, made, my, skin, just, feel",u_346
14660548,1,5,0,0.156481481,42,1,1,"eye, i, in, long, will, best, liner, have, found, time,",u_347
14683075,1,5,0,0,3,1,1,"it, works, well.",u_348
14686796,1,5,0,0.253571429,37,1,1,"lashes, im, mua, these, perfect, for, clients, who, don't, wear",u_349
14690890,1,3,0,0.05,53,1,1,"the, i, have, using, is, seems, to, for, just, started",u_350
14718754,1,5,0,0,9,1,1,"works, as, advertised., have, not, tried, in, europe, yet",u_351
14907114,1,5,0,0.75,23,1,1,"great, to, stuff!!!, better, hold, than, i, thought, it, was",u_352
14911354,1,1,0,0.174652778,102,1,1,"to, i, have, there, of, that, it, not, the, my",u_353
14920116,1,2,2,0.015376984,186,1,1,"the, to, soap, i, it, for, papaya, was, scent, is",u_354
14952036,1,1,16,-0.05,8,1,0,"its, complete, scam., dont, waste, your, money.",u_355
14961471,1,5,0,0.461111111,52,1,0,"it, as, is, just, using, my, this, really, great, product.",u_356
15034404,1,5,0,0.55,7,1,0,"great, product., worth, every, penny., bought, 2.",u_357
15047405,1,2,1,0.566666667,27,1,0,"like, it, its, burns, smells, good, but, way, to, strong",u_358
15049664,1,5,0,0.243333333,24,1,1,"to, i, have, very, sensitive, skin, this, razor, allows, me",u_359
15054266,1,5,23,0.686111111,38,1,1,"is, the, it, this, best,, much, better, than, clinique, ones!",u_360
15058919,1,5,0,0.5,19,1,1,"i, this, as, gave, gift, my, friend, love, it., might",u_361
15084321,1,5,0,0.237368421,162,1,0,"it, i, vitamin, that, c, is, this, with, of, the",u_362
15117189,1,5,0,0.241666667,40,1,1,"has, the, i, works, wonders, for, my, son's, skin., he",u_363
15171384,1,5,0,0,4,1,1,"keeps, me, swimming, daily!",u_364
15172644,1,1,0,0.00015873,70,1,0,"my, pores, -, i, to, dark, inside, returned, it!, have",u_365
15322085,1,5,0,0.5,9,1,1,"just, as, advertised., works, much, better, than, manual, toothbrush.",u_366
15330577,1,5,0,0.45,11,1,1,"works, great,, just, wish, i, would, have, gotten, the, soft",u_367
15358566,1,5,1,0.32104067,169,1,0,"the, my, i, for, out, use, or, fantastic, sponge, rinse",u_368
15360070,1,5,0,0.439285714,62,1,0,"i, use, but, this, crest, pro-health, my, it, of, normally,",u_369
15389511,1,4,0,0.633333333,19,1,1,"the, for, it, does, job..., price, it's, great,, but, if",u_370
15405260,1,5,0,0.638541667,54,1,0,"it, to, tea, tree, our, so, the, we, love, add",u_371
15420691,1,4,0,0.8,4,1,1,"use, weekly., works, great.",u_372
15448210,1,4,0,0,17,1,1,"it, seems, to, work, well, but, the, replacement, heads, pricy",u_373
15457554,1,3,1,0.1,11,1,1,"this, is, for, younger, skins,, but, its, gentle, with, your",u_374
15495216,1,5,0,0.05,14,1,1,"enough, for, love, 'em., small, my, kiddos, (ages, 5-9), big",u_375
15497507,1,5,1,0.9,7,1,1,"excellent, product., feels, great, lathers, well.",u_376
15537164,1,5,1,0,4,1,1,"my, dentist, recommended, it.",u_377
15540823,1,4,0,0.4,27,1,0,"i, used, this, with, have, for, some, time, always, happy",u_378
15546465,1,5,4,0.154156954,391,1,1,"i, the, my, feet, of, on, for, you, to, dead",u_379
15548310,1,5,0,0.8,5,1,1,"ditch, the, plastic., great, shave.",u_380
15627423,1,1,0,0,8,1,1,"stop, working, three, weeks., would, not, recommend.",u_381
15714666,1,5,0,0.442063492,36,1,1,"to, the, these, nails, awesome!, exactly, what, i, was, looking",u_382
15735839,1,5,0,0.766666667,12,1,1,"the, is, love, this, brand,, product, great, color, perfect!",u_383
15765267,1,5,0,0.281547619,125,1,0,"i, the, this, my, with, it, to, on, skin, clean",u_384
15779976,1,2,0,-0.384615385,6,1,1,"not, very, impressed, with, this, product",u_385
15790227,1,5,0,0.4125,4,1,1,"very, practical,, love, it!",u_386
15848105,1,5,0,0.333333333,59,1,0,"i, the, one, this, die, months, well, had, use, to",u_387
15884983,1,3,0,0.0375,37,1,1,"in, it, i, saw, this, recent, magazine, thought, i'd, try",u_388
15892410,1,3,0,0.141666667,15,1,1,"just, didnt, heat, up, enough, to, really, curl, my, hair",u_389
15901611,1,5,0,0.125,43,1,0,"i, for, this, use, it, love, tea, tree, oil,, various",u_390
15932913,1,5,0,0.5,1,1,1,love,u_391
15937857,1,2,0,-0.975,19,1,1,"i'm, very, disappointed, in, this, product., i, purchased, the, toothbrush",u_392
15964145,1,1,1,-0.25,19,1,1,"solid, !, unworkable., does, not, distribute, throughout, hair., difficult, to",u_393
15968065,1,5,0,0.65,7,1,1,"love, this, product., my, skin, look, great.",u_394
16007074,1,5,7,0.166666667,43,1,1,"scars, on, my, would, even, i've, used, this, gel, raised",u_395
16039483,1,5,1,0.214166667,101,1,1,"i, it, with, to, oxy, 10%, benzoyl, peroxide, have, product",u_396
16049185,1,5,0,1,4,1,1,"great, product!, works, well.",u_397
16122549,1,5,0,0.672777778,28,1,1,"is, &, wonderful, product., this, company, joy, to, order, from.",u_398
16126650,1,4,0,0.1,11,1,0,"makes, skin, feel, soft, haven't, noticed, difference, in, cellulite.",u_399
16231859,1,5,0,1,1,1,1,great!!!,u_400
16267943,1,4,0,0.15,43,1,1,"the, this, is, but, expensive, for, price,, great..magnifies, great,, sturdy",u_401
16274426,1,5,0,0.35,11,1,1,"my, 3rd, time, using, this, product, it, works, great,, consistently.",u_402
16307635,1,5,0,0.733333333,35,1,1,"it, because, great, i, love, this, eyeliner, doesn't, go, on",u_403
16338802,1,3,0,0,10,1,1,"it, works,, just, not, enough, magnification, so, its, going, back",u_404
16359853,1,5,0,1,2,1,1,"soooo, cute!!!!",u_405
16372437,1,4,0,0.8,5,1,1,"nice, good, quality, !!",u_406
16378686,1,5,0,0.173958333,38,1,0,"for, my, is, the, love, using, this, sweet, almond, oil",u_407
16449438,1,3,0,0.08968254,53,1,1,"the, using, i, they, you, right, for, decent, product,, does",u_408
16477374,1,1,0,0.07,9,1,1,"hasn't, been, very, useful., way, to, small, for, anything",u_409
16487583,1,2,0,-0.05,12,1,1,"it's, just, razor., the, extra, feature, is, really, not, too",u_410
16563396,1,5,0,0.058333333,65,1,0,"my, i, hair, it, this, to, straighten, iron, love, flat",u_411
16756809,1,5,0,0.169285714,49,1,1,"for, she, with, my, daughter, has, used, this, 6, months.",u_412
16793667,1,5,0,1,3,1,1,"excellent, 100%, recommended",u_413
16849400,1,5,1,0.204166667,13,1,1,"these, great, little, bottles., convenient, to, carry, with, you., not",u_414
16889088,1,2,2,-0.2,14,1,1,"you, fell, apart, few, uses., i, guess, get, what, pay",u_415
16926980,1,5,0,0.85,4,1,1,"perfect, size,, good, price.",u_416
16939228,1,5,0,1,6,1,1,"looks, perfect!, just, like, the, picture.",u_417
17046072,2,5,0,-0.15625,3,2,1,"as, expected, !!",u_418
17073780,1,4,0,0.136363636,8,1,1,"i, think, find, new, gel, mascara.",u_419
17074129,1,5,0,0.358333333,56,1,1,"the, i, mask, is, this, worked, great., totally, blocks, out",u_420
17085717,1,1,2,-0.234375,105,1,1,"the, this, not, in, your, it, as, very, mascara, day",u_421
17133231,1,2,1,0,22,1,1,"not, the, was, did, see, results, found, out, that, formula",u_422
17133740,1,5,10,0.383333333,35,1,1,"the, is, on., it, put, color, beautiful, like, others, say",u_423
17155085,1,5,0,0.475,9,1,1,"nice, shampoo., leaves, my, hair, sweet, smelling, shiny.",u_424
17260649,1,4,0,0.1625,17,1,1,"i, loved, the, matte!, but, this, was, little, too, sticky",u_425
17275214,1,5,0,0.175,28,1,0,"for, received, item, free, product, review, honest, opinion., love, it.",u_426
17453578,1,1,1,-0.25,5,1,0,"waste, of, money,, doesn't, work!",u_427
17460434,1,5,0,0.5,2,1,1,"love, these.",u_428
17464853,1,5,0,0.625,37,1,1,"i, this, when, it, really, love, pillow., always, used, to",u_429
17534265,1,5,5,0.240948963,283,1,1,"the, my, it, make, up, eyes, of, just, for, i",u_430
17539932,1,5,0,1,1,1,1,excellent,u_431
17582778,1,5,1,0,1,1,0,awesomeeeeeeeee!!!,u_432
17705805,1,5,0,0.9,5,1,1,"great, product, excellent, service!",u_433
17790387,1,5,0,0.8,8,1,1,"works, great, would, buy, another, when, needed",u_434
17821521,1,5,0,0.275,14,1,1,"love, this, product, will, buy, moisturizer, too, amazing, results, in",u_435
17894914,1,5,1,0.2,20,1,1,"your, this, decorate, nails, you, makes, much, easier, if, ever",u_436
17903845,1,5,0,0.214285714,6,1,1,"like, the, large, size, pump.",u_437
18010817,1,5,0,0.4375,21,1,1,"oil, use, i, this, as, carrier, to, with, my, essential",u_438
18133798,1,5,2,0.178333333,136,1,1,"you, to, it, the, will, need, this, is, filling, if",u_439
18148736,1,5,0,0.300462963,108,1,0,"it, my, i, the, really, that, besides, of, when, you",u_440
18154669,1,5,0,0.7,3,1,1,"works, really, good",u_441
18162470,1,5,0,0.316666667,29,1,1,"it, absolutely, gorgeous, color., one, application, done., i, would, stay",u_442
18186411,1,3,1,0.5,18,1,1,"the, to, product, seam, be, working, properly,but, take, more, disappear",u_443
18198217,1,4,0,0.245833333,22,1,1,"very, moisturizing, rich,, but, i'm, not, fond, of, the, smell.",u_444
18381298,1,5,0,0.3,36,1,1,"that, it, the, great, thing, this, cream, is, doesn't, smell",u_445
18467443,1,5,0,0.733333333,11,1,0,"perfect., glides, so, smoothly, heats, up, almost, instantly., great, value.",u_446
18551811,1,5,0,0.7,7,1,1,"was, gift., my, friends, loved, it",u_447
18560334,1,2,1,0,18,1,1,"been, using, for, 3-4, months., use, it, the, time,, but",u_448
18564806,1,1,1,0,5,1,1,"rollers, do, not, work, correctly",u_449
18578958,1,5,0,0.214285714,3,1,1,"beautifully, pure, product.",u_450
18586062,1,5,0,0.0875,9,1,1,"love, this, product., little, goes, long, way.",u_451
18681506,1,5,0,0.218333333,32,1,1,"strong, it, mint, that, promotes, saliva, production., can, be, little",u_452
18755453,1,4,1,0.290909091,77,1,1,"i, skin, it, the, super, to, normal, liked, texture, of",u_453
18773689,1,5,1,0.061428571,78,1,1,"hair, to, my, as, holds, down, day., other, gels, it",u_454
18850039,1,5,0,0.62,28,1,0,"this, product, excellent, is, great, improvement, in, my, skins, appearance",u_455
19003532,1,4,0,0,12,1,1,"my, i, can't, be, without, cerivical, roll, helps, neck, stay",u_456
19082663,1,5,0,0.048333333,103,1,1,"is, it, not, if, for, the, /><br, />good, lotion, but",u_457
19158740,1,5,0,0.375,24,1,1,"i, this, love, product., have, purchased, it, several, times., my",u_458
19173052,1,5,0,0.466666667,7,1,1,"love, this, color...like, muted, pink., perfect.",u_459
19229118,1,5,0,0.466666667,14,1,1,"for, these, were, gift., they, worked, perfectly, oil, samples., fast",u_460
19360386,1,5,0,0.015,32,1,1,"i, have, the, this, product, for, tried, many, other, products",u_461
19365592,1,5,0,0.2,6,1,1,"the, wife, really, likes, this, shampoo.",u_462
19396637,1,5,0,0.5,11,1,1,"absolutely, love, this, fragrance.<br, />i, always, get, compliments, when, wearing",u_463
19412240,1,5,0,0.5,24,1,1,"i, love, this, stuff., it, is, use, have, been, using",u_464
19453140,1,4,0,0.416666667,34,1,1,"the, for, it's, fair, size, home, use,, definelty, too, big",u_465
19561049,1,1,10,-0.2,9,1,0,"this, stuff, is, not, working;, don't, waste, your, money.",u_466
19582934,1,4,0,0.25,3,1,1,"as, described., thanks!",u_467
19615561,1,2,0,-0.096333333,63,1,1,"to, i, have, as, it's, not, my, or, this, wish",u_468
19619484,1,5,0,0.636941964,97,1,0,"i, to, my, for, this, tea, tree, its, great, the",u_469
19632965,1,4,1,0.258333333,83,1,0,"i, to, />*, /><br, hair, have, the, it, does, your",u_470
19687067,1,2,0,-0.05,7,1,1,"takes, too, long, to, heat, for, use.",u_471
19848701,1,5,5,0.45,38,1,0,"as, great, product!, no, irritation,, excellent, results,, only, hint, of",u_472
19953931,1,5,1,0.066666667,11,1,1,"this, got, the, green, out, of, my, daughters, light, blonde",u_473
19975737,1,5,0,0.366666667,6,1,1,"these, great, for, dry, mouth",u_474
19979429,1,4,0,0.370833333,25,1,0,"the, this, mouthwash, claims, to, do, exactly, same, as, others",u_475
20018986,1,3,0,0,2,1,1,"no, comment.",u_476
20114092,1,1,5,-0.0640625,69,1,1,"i, the, of, it, broke, it's, this, i'm, when, say",u_477
20131016,1,5,0,0,3,1,1,"soap, is, soap.",u_478
20153888,1,5,1,0.379166667,71,1,1,"the, is, one, this, hair, it, of, even, to, probably",u_479
20189629,1,5,0,0.3875,19,1,1,"its, such, good, product<br, />and, i, really, like, how, it",u_480
20277631,1,1,4,-0.024833333,65,1,1,"it, i, i'm, at, because, for, on, doesn't, when, just",u_481
20288001,1,5,0,0.91,9,1,1,"its, very, good, for, who, like, to, swim.",u_482
20353778,1,5,0,0.866666667,19,1,1,"this, is, great, sponge, holder!, looks, really, nice, sitting, on",u_483
20424284,1,5,1,-0.04375,80,1,1,"i, the, have, to, this, of, use, it, you, is",u_484
20433302,1,5,0,0.5,14,1,1,"i, love, this, shampoo, conditioner., both, make, my, hair, so",u_485
20525474,1,3,0,0.2,44,1,1,"the, work, my, some, on, holes, off, center,, none, of",u_486
20530793,1,5,0,0,3,1,1,"does, as, advertised",u_487
20579960,1,5,1,0.329880952,160,1,1,"it, i, product, shave, is, with, to, this, you, your",u_488
20644889,1,5,0,0.3625,34,1,1,"just, i, they, like, these, were, what, needed, for, my",u_489
20789642,1,4,0,0.255092593,71,1,0,"the, that, i, does, it, on, my, hair, to, be",u_490
20827064,1,5,0,0.2375,9,1,1,"great, value,, really, will, last, me, long, time",u_491
20887038,1,5,0,0.8,7,1,1,"great, product,, delivery, package.",u_492
20889256,1,5,0,0.565104167,14,1,1,"good, great, little, containers!, quality,, exactly, as, described, perfect, for",u_493
20907084,1,5,0,0.35,61,1,1,"this, my, face, love, will, i, so, to, product, &",u_494
21017534,1,5,3,0.32,83,1,1,"it, i, to, the, of, years, ago, but, it's, used",u_495
21122332,1,5,0,0.875,6,1,1,"my, feet, never, looked, so, good!",u_496
21195560,1,5,0,0.469754464,37,1,0,"the, this, is, it, works, almond, oil, great!, smooth, great",u_497
21241321,1,2,0,0.8,11,1,1,"it, smells, great,, but, dries, my, hair, makes, freezzy",u_498
21298809,1,5,0,-0.1,2,1,1,"as, expected.",u_499
21306567,1,5,0,0.4375,55,1,0,"this, the, on, skin, when, you, apply, it., it, i",u_500
21316398,1,5,0,0.5,3,1,1,"always, love, devacurl",u_501
21343525,1,5,0,1,9,1,1,"for, they, great, my, oil, samples, friends!",u_502
21350259,1,5,0,1,2,1,1,"love, this!!!!",u_503
21359113,1,5,2,0.239534231,90,1,1,"i, my, the, so, this, hair, have, does, not, product",u_504
21364611,1,5,0,0.241666667,35,1,1,"i, big, great!, have, problem, with, natural, dark, circles, no",u_505
21432568,1,1,1,0.183333333,44,1,1,"you, to, better, these, very, distorted, unless, get, really, close.",u_506
21453375,1,5,0,0.4,25,1,0,"i, like, the, fresh, breath, feel, using, crest, pro, health",u_507
21505056,1,4,0,0.1875,20,1,1,"like, the, color,, case, itself, is, little, slick, but, excellent",u_508
21599206,1,4,0,0.433333333,21,1,1,"its, on, really, easy, to, apply.., but, feels, tacky, the",u_509
21899944,1,5,0,0.35,9,1,1,"good, enough, for, me, to, have, purchased, five, brushes.",u_510
21935340,1,5,1,0.8,2,1,1,"great, glasses.",u_511
21959897,1,5,0,0.55,6,1,0,"nice, oil,, i, enjoy, this, brand!",u_512
22094721,2,4.5,5.5,0.212448593,187.5,2,0,"i, to, that, they, them, the, have, with, nail, is",u_513
22107112,1,5,1,0.205186595,169,1,1,"is, with, as, definitely, good, /><br, it, the, that, i",u_514
22117113,1,5,0,0.216666667,43,1,1,"use, to, out, it, up, this, daily., if, you, trying",u_515
22234474,1,5,5,0.221875,42,1,1,"this, hair, love, thick, great, smelling, shampoo, conditioner., i, have",u_516
22254633,2,5,0,0.91,2,1,1,"very, good.",u_517
22274415,1,5,0,0.5,12,1,1,"excellent, carrier, oil, for, essential, oils., i, use, this, instead",u_518
22319385,1,4,1,0.074549062,121,1,1,"it, i, me, but, only, first, for, few, minutes, to",u_519
22393078,1,5,18,0.052462354,741,1,1,"the, i, to, my, feet, of, this, skin, on, in",u_520
22427341,1,5,10,0.334761905,212,1,1,"of, to, that, the, have, so, it, no, or, clubman",u_521
22429855,1,5,1,0.30263024,53,1,1,"they, to, i, the, fit, make, love, these, little, containers.",u_522
22442032,1,4,0,0.5,3,1,1,"is, just, ok",u_523
22487312,1,5,0,0.466666667,60,1,1,"to, this, of, toothbrushes., compared, brush, has, been, great, addition",u_524
22523272,1,5,0,0.7,11,1,1,"the, product, is, as, good, others, saying",u_525
22525232,1,5,0,0.78125,3,1,1,"love, unite, products!!",u_526
22547171,1,5,1,0.65,5,1,1,"good, quality, nicely, packaged.",u_527
22716212,1,5,1,0.8,5,1,1,"great, product, without, scent",u_528
22716711,1,4,0,-0.01875,18,1,1,"2ml, is, tiny., the, ball, does, roll, pretty, well,, but",u_529
22793584,1,5,2,0.5,23,1,1,"my, skin, with, i, love, this, product, looks, so, healthy",u_530
22834243,1,5,0,0.28125,31,1,1,"it, i, the, with, love, colors, this, palette!, has, great",u_531
22904338,1,5,0,0.73,36,1,0,"great, product, i, have, bottle, the, at, value!, gone, through",u_532
22946621,1,5,0,0.5,33,1,1,"this, couldn't, be, happier, with, razor., the, blades, very, affordable",u_533
23021183,1,5,1,0.85,5,1,1,"excellent, product, !!, good, quality.",u_534
23046347,1,4,0,0.7,12,1,0,"it, seems, to, be, good, quality, product., i, would, buy",u_535
23173741,1,3,1,-0.137861111,32,1,1,"i, very, pale, person., love, that, this, tanner, is, natural,",u_536
23242029,1,4,0,-0.2,5,1,1,"it, is, bit, harsh",u_537
23271226,1,5,0,0,36,1,1,"to, spent, pack, />i, i, used, go, the, beauty, supply",u_538
23356993,1,5,3,0.270833333,30,1,1,"for, head, these, really, tiny, perfect, what, i, wanted., fill",u_539
23389170,1,5,0,0.5,1,1,1,ok,u_540
23412093,1,3,0,-0.475,8,1,1,"these, droppers, do, not, fit, the, bottle., :(",u_541
23458348,1,5,1,0.070833333,80,1,0,"i, this, color, love, color., get, brassy, when, weeks, ash",u_542
23506817,1,5,0,-0.025,32,1,1,"this, product, i, my, i've, only, been, using, for, few",u_543
23511605,1,5,2,0.194047619,72,1,1,"i, used, brands, the, it, my, to, lotion, have, 5",u_544
23511740,1,5,1,0.65,8,1,1,"great, product, more, convenient, than, the, store.",u_545
23620123,1,5,1,0.5875,25,1,1,"with, i'm, in, love, this!, it's, so, unique, fits, my",u_546
23666410,1,5,0,0.447916667,41,1,1,"amazing, i've, it, my, for, so, to, results., been, using",u_547
23669666,1,4,1,0.366666667,12,1,1,"in, addition, to, removing, pool, chlorine,, it, leaves, hair, clean",u_548
23741298,1,5,0,0.373214286,111,1,0,"it, of, to, this, the, not, i, bottle, is, with",u_549
23747770,1,5,1,0.5,9,1,1,"really, enjoying, this, product., arrived, promptly, as, described.",u_550
23761167,1,2,0,0,8,1,0,"i, like, it, seems, to, do, the, job",u_551
23858577,1,5,54,0.301358543,195,1,1,"the, for, is, to, on, large, suction, cups, i, 12x",u_552
23994109,1,5,0,0.47,9,1,1,"very, refreshing,, feels, like, rose, garden., highly, recommend.",u_553
24022094,1,5,1,0.13125,68,1,1,"water, it's, i've, old, one, but, the, i, some, have",u_554
24073968,1,4,0,0.333333333,22,1,1,"i, the, love, brand, but, this, gel, is, only, ok.",u_555
24123095,1,5,21,0.484722222,24,1,1,"the, is, \\""self-sharpening\\"", feature, great., won't, use, other, kind, from",u_556
24159281,1,3,0,0.5875,9,1,1,"did, not, come, in, original, packaging......, but, works, great",u_557
24214141,1,5,0,0.25,18,1,1,"to, had, one, before,, then, tried, another, brand., glad, come",u_558
24302555,1,4,0,0.55,12,1,1,"great, for, travel., dries, hair, quickly., better, than, full, size",u_559
24359782,1,5,1,-0.013333333,64,1,1,"to, my, doesn't, i, in, not, much, say, that, title",u_560
24603632,1,5,0,0.8,2,1,1,"worked, great.",u_561
24624799,1,5,1,0.8,24,1,1,"my, the, nioxin, system, is, great., i, had, breast, cancer,",u_562
24643754,1,5,1,0.384642857,50,1,1,"eye, it, this, is, very, that, makeup, my, the, nice",u_563
24655453,1,4,1,0.001190476,41,1,1,"for, the, small, is, to, these, great, mixtures, eo's,, especially",u_564
24667703,1,5,0,0.266782297,168,1,0,"it, i, mascara, the, this, is, really, that, of, love",u_565
24891116,1,5,0,0.75,4,1,1,"good, price,, works, great.",u_566
24964852,1,1,1,-0.064285714,40,1,0,"i, it, but, for, liked, it,, caused, burns, to, my",u_567
24982346,1,5,0,0.91,2,1,0,"very, good",u_568
24994513,1,1,2,0,22,1,1,"it, drys, out, your, skin., i, would, definitely, recommend, for",u_569
25136663,1,5,0,0.372,25,1,1,"great, use, thank, you, very, much, for, product., i, essential",u_570
25177739,1,5,0,0.475,13,1,0,"great, carrier, oil, for, use, with, my, essential, oils., i",u_571
25249537,1,4,0,0.7,24,1,1,"performs, as, advertised., good, quality, feel, teeth, gums, cleaned, well",u_572
25338976,1,5,0,0.2,4,1,1,"like, it, so, much",u_573
25344238,1,4,0,0.54,56,1,1,"the, on, to, i, this, my, as, although, packaging, could",u_574
25367399,1,4,1,0,35,1,1,"it, i, side, effects, like, this, product, use, regularly., seems",u_575
25378330,1,5,0,0.578333333,8,1,1,"very, good, quality,, fast, shipping., love, it!",u_576
25388957,1,5,1,0.16,10,1,1,"i, would, highly, recommend, this, product., it, exceeded, my, expectations.",u_577
25454633,1,4,3,0.423809524,83,1,1,"i, as, my, to, for, the, brut, more, not, it",u_578
25503294,1,3,1,-0.2125,34,1,1,"the, if, it's, weird, bitter, taste, to, tint..., not, sure",u_579
25564245,1,5,3,0.399656723,74,1,0,"i, this, is, it, for, love, but, not, was, given",u_580
25594111,1,5,0,0.05,45,1,0,"it, i, oils, to, my, received, this, oil, few, weeks",u_581
25631896,1,5,0,0.15,40,1,1,"the, as, much, been, using, it, for, few, weeks, now",u_582
25790370,1,5,0,0.7,2,1,1,"good, product.",u_583
25803330,1,5,0,0.6,2,1,1,"nice, product",u_584
25898257,1,5,0,0.15625,2,1,1,"wow!, works!",u_585
25938122,1,4,1,0.91,2,1,1,"very, good",u_586
26030841,1,5,0,0.216666667,63,1,1,"in, i, hair, my, is, the, this, wonderful, product!, have",u_587
26117020,1,1,3,-0.185714286,61,1,1,"the, i, was, to, item, from, of, right, unable, leaks!!!",u_588
26143735,1,5,0,0.1,55,1,1,"i, scar, been, my, have, it, mederma, cream, has, very",u_589
26144891,1,5,0,0.8,2,1,1,"great, stuff",u_590
26220358,1,4,1,0.4,13,1,1,"handy,, sturdy, clear, lenses.., better, quality, than, one, might, expect",u_591
26274483,1,5,0,0.125,24,1,1,"i, that, usually, only, wear, neutral, colors, so, was, excited",u_592
26433988,1,5,0,0.35,81,1,1,"the, i, it, great, with, have, this, also, like, to",u_593
26473535,1,3,2,-0.025,120,1,1,"the, my, hair, it, i'm, not, this, just, to, maybe",u_594
26473848,1,1,5,-0.025,52,1,1,"not, do, waste, your, money, on, these, bags., some, them",u_595
26547416,1,5,0,0.425,21,1,1,"my, wow!, great, deal, for, the, amount, you, get., holds",u_596
26599047,1,5,0,0.1,4,1,1,"true, long, lasting, results",u_597
26671313,1,5,0,0.416666667,24,1,1,"hair, this, is, the, most, natural, color, i, have, ever",u_598
26688231,1,2,1,0.04047619,67,1,1,"it, the, i, eyeliner, you, out,, in, normally, huge, covergirl",u_599
26747746,1,5,0,0.365,26,1,0,"it, at, i, love, this, product!, not, only, does, freshen",u_600
26758958,1,5,0,0.8375,5,1,1,"works, great, smells, good!",u_601
26852321,1,5,0,0.016666667,19,1,1,"you, i've, seen, improvement, in, the, dark, shadows., there, is",u_602
26896195,1,5,0,-0.308712121,16,1,1,"if, you, put, little, on, new, mosquito, bite, it, doesn't",u_603
26899199,1,5,131,0.23125,34,1,1,"it, my, i, love, this!, took, me, 35, mins, to",u_604
26951431,2,4.5,0,0.193214286,63,2,0,"i, it, this, product, the, have, been, using, my, since",u_605
27009639,1,1,5,-0.13225,72,1,1,"thyroid, this, the, for, be, careful, with, my, of, but",u_606
27056861,1,2,0,0.133333333,55,1,1,"it, to, you, really, get, but, need, on, perfectly, fast.",u_607
27089818,1,3,0,0.087251984,322,1,0,"i, to, it, the, that, was, in, not, just, /><br",u_608
27127283,1,5,0,0.2,16,1,1,"the, replaced, my, old, worn, out, one.<br, />does, job.<br, />timer",u_609
27186390,1,1,4,0,23,1,1,"the, i, mirror., when, try, to, use, mirror, reflection, is",u_610
27292595,1,5,0,1,18,1,1,"have, 4th, time, buying, this, product,, to, say, it's, the",u_611
27323755,1,5,0,0.533333333,39,1,1,"i, the, have, was, looking, for, basic, portable, dryer, this",u_612
27367752,1,3,0,-0.05,23,1,1,"i, the, paid, extra, thinking, was, getting, 2, pack, -",u_613
27388082,1,5,0,0.525,74,1,0,"i, this, my, have, the, of, in, love, smell, perfume",u_614
27393936,1,5,0,0.492857143,23,1,1,"of, don't, expect, results, right, away., it, takes, good, two",u_615
27397579,1,4,0,0.148611111,175,1,0,"the, it's, is, i, color, not, say, --, if, to",u_616
27484822,1,4,3,0.016666667,80,1,1,"i, my, to, use, razor, the, neck, product, /><br, for",u_617
27502270,1,4,0,0.522222222,25,1,1,"i, good, results, love, the, smell, of, this, tanning, cream.",u_618
27543105,1,5,0,0.162254464,89,1,1,"to, this, the, it's, very, my, has, skin, product, pure",u_619
27586284,1,5,0,0.875,8,1,1,"helping, lot, smells, good, to, me!",u_620
27600554,1,4,0,0.000757576,89,1,1,"my, these, they, i, use, them, on, over, her, to",u_621
27647462,1,5,3,0.098571429,188,1,0,"the, to, my, hair, i, but, of, had, or, this",u_622
27669987,1,1,0,-0.155555556,11,1,0,"the, trimmer, doesn't, stay, on, unless, you, hold, button, down",u_623
27753508,1,1,197,0.317447917,92,1,0,"it, the, was, not, until, my, this, i, is, going",u_624
27892294,1,5,5,-0.008030303,78,1,1,"is, the, i, my, but, hair, for, love, this, product!",u_625
27915514,1,5,0,0.25,9,1,1,"exactly, what, i, was, looking, for., will, buy, again....eventually.",u_626
27935706,1,5,0,0.552083333,14,1,1,"my, husband's, favorite, soap!, smells, great, seems, to, clean, him",u_627
27966271,1,3,0,-0.325,2,1,1,"very, small",u_628
27973700,1,5,2,0.325,64,1,1,"so, of, on, both, sides., in, cute!, looks, exactly, as",u_629
27985516,1,1,1,0,6,1,1,"broke, out, next, morning., tossed, it!",u_630
28096298,1,5,0,0.5,11,1,1,"perfect, for, eyebrow, shaping., i, will, be, purchasing, in, the",u_631
28106065,1,4,0,0.30625,10,1,1,"little, darker, than, i, wanted, but, coverage, was, great.",u_632
28165888,1,4,6,0.218240741,72,1,1,"the, to, out, of, perfumes, for, have, travel, very, fast",u_633
28199293,1,5,0,0.4125,9,1,0,"really, i, love, this!, helps, softnen, my, skin",u_634
28300401,1,5,0,0.666666667,14,1,1,"the, soap, was, quickly, delivered, it's, time, to, reorder., product",u_635
28382591,1,5,0,0.385,47,1,1,"is, this, it, the, stuff, great, does, exactly, what, advertised",u_636
28586346,1,5,0,0.387777778,14,1,1,"this, is, very, strong, tooth, brush,, much, stronger, vib, than",u_637
28641578,1,3,0,0.2,5,1,1,"the, lighting, is, very, blue/white....",u_638
28797194,1,4,0,0.15,14,1,1,"the, unit, works, great., just, don't, like, that, replacement, heads",u_639
28849307,1,5,0,0.613888889,20,1,0,"for, have, been, using, this, years, now., great, precision, creating",u_640
28850115,1,5,2,0.108333333,38,1,1,"this, helps, my, it, we, love, soap, makes, you, clean,",u_641
28953491,1,4,0,0.7,2,1,1,"good, product",u_642
28955788,1,5,0,0.7,4,1,1,"good, value, product",u_643
28955973,1,5,0,0.45,41,1,1,"i, when, my, hair, use, these, condition, under, hooded, dryer,",u_644
29052992,1,4,0,0.4,6,1,1,"works, great-, especially, the, electric, razor.",u_645
29156371,1,5,0,0.11,16,1,0,"very, pleased., i, have, been, so, disappointed, in, other, flat",u_646
29209373,1,1,1,-0.108333333,7,1,0,"feels, strange, for, half, hour.",u_647
29278164,1,4,0,0.31875,18,1,1,"for, this, there, other, better, products, available, premium, price, but",u_648
29355278,1,5,2,0.445833333,25,1,1,"to, purchased, for, my, child, clean, around, her, palatal, expander",u_649
29603136,1,1,26,-0.222222222,29,1,0,"is, the, but, me, this, useless., product, doesn't, do, anything,",u_650
29605511,1,5,0,0.48215873,120,1,0,"i, my, the, with, that, it, skin, to, of, did",u_651
29605778,1,5,0,0.198846154,41,1,1,"i, to, bought, the, butter, this, make, my, own, lotion.",u_652
29759989,1,3,0,0,3,1,1,"just, as, promised.",u_653
29861210,1,5,0,0.5,31,1,1,"better, than, these, sponges, great!, your, make-up, goes, on, flawlessly,",u_654
29866705,1,5,4,0.09671875,164,1,1,"i, my, to, the, this, on, has, for, it, little",u_655
29906522,1,5,0,0,1,1,1,excelente,u_656
29925180,1,1,1,0.1,16,1,1,"., clearly, distorted, n, stain, to, the, eyes, when, using",u_657
30098065,1,5,0,0.625,3,1,1,"favorite, fragrance, ever!",u_658
30128335,1,5,0,0.6,21,1,1,"to, used, this, product, for, many, years, loved, it., would",u_659
30232548,1,3,0,0.45,17,1,1,"not, i, got, it's, ok., the, best, built,, it, when",u_660
30250647,1,3,0,0.202777778,13,1,1,"flimsy, hard, to, get, on,, but, cheap, disposable,, so, they're",u_661
30263957,1,5,0,0.4375,2,1,1,"cool, product!",u_662
30303911,1,5,0,0.8,2,1,1,"great, product",u_663
30364662,1,5,0,0.4,10,1,1,"who, honestly, uses, traditional, toothbrushes, anymore, this, amazing, invention?",u_664
30543403,1,5,1,0.496428571,55,1,1,"i, this, is, it, my, oil, light, but, very, moisturizing.",u_665
30688607,1,5,0,0.433333333,7,1,1,"compact, easy, to, use, when, traveling",u_666
30731407,1,5,0,0.041666667,44,1,0,"this, i, my, in, bottle, bought, to, help, prevent, child",u_667
30751762,1,1,1,0.477142857,56,1,1,"the, they, roller, don't, i, cute, bottles, -, great, idea,",u_668
30888476,1,4,0,0.326388889,82,1,1,"is, i, it, this, the, shaver, have, owned, for, in",u_669
30888478,1,4,0,0.25,17,1,1,"it's, my, second, bottle., i, love, it., not, greasy, nor",u_670
30942783,1,5,0,-0.0125,27,1,1,"not, this, at, i, would, is, happy, with, purchase, all.",u_671
31170586,1,1,3,0,10,1,1,"returned, the, whole, kit., waste, of, money, hope, time.",u_672
31474733,1,4,0,0,8,1,1,"gets, the, job, done, when, needed;, no, complaints",u_673
31482330,1,5,0,0.47,31,1,1,"my, is, the, i, do, own, brazilian, wax, but, leave",u_674
31591245,1,5,0,0.7,2,1,1,"worked, good",u_675
31649415,1,5,0,0.37,36,1,1,"i, very, this, for, satisfies, with, item., it, is, good",u_676
31660036,1,5,0,0,9,1,1,"for, bought, my, daughter, christmas., she, loves, it.",u_677
31759862,1,5,0,0.3525,14,1,1,"very, good, product., many, different, options, in, this, packet,, which",u_678
31808187,1,3,0,-0.044642857,14,1,1,"very, it, works, well., smaller, than, i, expected., on/off, button",u_679
31811070,1,5,2,0.234375,57,1,1,"it, powder, than, much, face, i, more, other, is, easier",u_680
31877182,1,3,1,0.146666667,34,1,1,"it, but, falls, easily, the, description, says, that, once, put",u_681
31891249,1,5,1,0.415714286,57,1,1,"product, the, good, this, to, in, it, very, at, price.",u_682
31939909,1,5,1,0.7,3,1,1,"good, looking, glasses",u_683
32087954,1,1,2,0.182291667,113,1,1,"it, the, i, to, in, your, wax, use., hot, can",u_684
32131026,1,5,0,0.5,2,1,1,"love, it",u_685
32150120,1,5,0,0.303333333,19,1,1,"for, met, my, needs, traveling, in, england., it, is, small",u_686
32175880,1,5,0,1,13,1,0,"great, product!, it, has, made, mu, cellulites, fade., i, recommend",u_687
32242841,1,4,0,0.084952381,99,1,0,"my, hair, i, to, that, this, flat, iron, was, the",u_688
32394794,1,5,4,0.24375,14,1,1,"absolutely, love, this, product!, no, bad, smell, or, red, skin.",u_689
32576212,1,5,0,0.1525,25,1,1,"the, products, murad, is, greatest, facial, cleanser, i, have, ever",u_690
32602850,1,5,0,0.7,1,1,1,good,u_691
32776927,1,1,0,-0.5,25,1,1,"i, just, it, got, this, is, tried, out, fail, does",u_692
32786816,1,5,0,0.8,5,1,1,"great, brush, for, the, price.",u_693
32885462,1,4,0,0.227579365,62,1,1,"i, just, hair, caps, them, wish, bit, this, will, fit",u_694
32937255,1,5,0,0.6,13,1,1,"worked, really, well, for, lotion, i, was, making;, had, the",u_695
32947249,1,5,0,0.429112554,31,1,1,"i, absolutley, love, this, new, formula!, pleasant, smell,, it, leaves",u_696
32961236,1,5,0,0.5,7,1,1,"perfect, size, for, sampling, essential, oil, blends.",u_697
33219618,1,1,1,-0.2,13,1,1,"pump, did, not, work., uneven, application, using, fingertips, made, product",u_698
33328603,1,2,1,-0.16875,25,1,0,"for, sensitive, this, may, be, skin,, but, it, is, not",u_699
33372569,1,5,0,0.8,5,1,1,"great, price, works, well.",u_700
33389512,1,2,24,0.160227273,122,1,1,"i, it, this, product, to, is, of, scaraway, have, used",u_701
33533638,1,5,0,0.274305556,39,1,1,"the, in, mirror, super, bright, little, vanity, mirror., both, regular",u_702
33657163,1,4,0,0.046666667,69,1,1,"i, it, my, negative, on, in, up, to, palette, with",u_703
33686802,1,5,0,1,4,1,1,"wonderful, delivery,, price...",u_704
33817369,1,5,1,-0.3,61,1,1,"the, i, to, hair, at, use, in, have, used, it",u_705
33942506,1,5,0,0.8,4,1,1,"great, service,, product.",u_706
34002302,1,5,0,0.255333333,79,1,1,"the, is, to, they, very, not, but, i, mask, comfortable",u_707
34299166,1,1,0,-0.057616752,167,1,0,"the, it, i, is, to, stuff, this, on, that, have",u_708
34371843,1,5,0,0.251851852,70,1,1,"it, is, i, the, for, this, well, humid, days, great",u_709
34388851,1,3,0,0.266666667,21,1,1,"as, that, not, good, the, older, version, came, before, this.",u_710
34401034,1,5,0,0.8,1,1,1,great,u_711
34502652,1,5,0,0.7,2,1,1,"good, purchase.",u_712
34535128,1,2,0,0,30,1,1,"it, way, to, the, bigger, than, i, expected, be.., also",u_713
34681565,1,5,0,0.538271605,73,1,1,"i, for, the, on, have, hair, my, hair., deva, lightly",u_714
34692159,1,5,0,0.366666667,50,1,0,"very, i, but, is, not, nice, carrier, oil, for, essential",u_715
34894544,1,5,0,0.7,2,1,1,"good, quality",u_716
34946459,1,3,1,0.516666667,27,1,1,"the, i, loved, everything, this, sunscreen, except, alcohol., its, not",u_717
35064307,1,3,0,0.5,26,1,1,"backstage, is, lovely, color,, but, it, comes, out, so, patchy",u_718
35069088,1,5,0,-0.03030303,28,1,1,"/><br, />dudu-osun, african, black, soap<br, i, love, it<br, soap",u_719
35079242,1,5,0,0.483928571,3,1,1,"good, pure!",u_720
35085008,1,5,0,0.8,11,1,1,"works, great., seems, to, do, great, job, cleaning, my, teeth.",u_721
35255252,1,5,0,0.338095238,21,1,1,"to, i, so, happy, have, found, these., tickled., they, large",u_722
35287297,1,1,0,0.2125,66,1,1,"the, of, your, this, hair, is, hair., it, my, with",u_723
35291956,1,4,0,0.4,10,1,1,"so, far, good, 4, wks, scars, lighter",u_724
35321882,1,5,1,0.7,17,1,1,"daughter, had, used, one, at, friends, house, bought, this, because",u_725
35426343,1,5,0,0.6,18,1,1,"i, was, thrilled., delivery,, packaging,, quality, &, quantity, of, the",u_726
35451889,1,3,1,-0.144940476,21,1,1,"this, my, alcohol, in, leaves, face, feeling, dry, tight., gave",u_727
35562876,1,2,1,0.127040816,80,1,1,"the, it, for, has, 2, i, started, using, product, only",u_728
35620025,1,4,0,0.177777778,59,1,1,"i, the, this, colors, on, to, look, purchased, product, because",u_729
35657278,1,4,0,0.4,35,1,1,"i, used, with, different, vitamin, c, serum,, this, one, is",u_730
35710210,1,5,0,0.333333333,24,1,1,"this, gel, is, light, weight, isnt, sticky, (unless, you, use",u_731
35870378,1,1,17,-0.212847222,37,1,0,"is, for, this, product, complete, rip-off., the, website, given, customer",u_732
35913753,1,5,0,0.539285714,5,1,1,"great, oil.., very, pure, stuff",u_733
35941180,1,5,7,0.120942079,197,1,0,"i, to, of, it, the, have, my, with, shower, in",u_734
35976105,1,5,0,0.26375,57,1,1,"eye, i, this, cream, the, my, is, best, ever., 70",u_735
36056488,1,5,0,0,8,1,1,"just, what, my, grandson, wanted., he, loves, it.",u_736
36176180,1,5,0,0.7,1,1,1,good,u_737
36203902,1,4,0,0.15,16,1,1,"good, price, quality,, however, bit, small,, barely, enough, room, to",u_738
36243483,1,1,3,-0.479166667,33,1,1,"i, not, sunscreen, does, work., was, out, in, sun, for",u_739
36382608,1,2,1,-0.35,12,1,0,"i, followed, the, directions, explicitly,, soaked, religiously,, lousy, results., waste",u_740
36433945,1,5,0,0.1,32,1,1,"the, this, love, smell, feel, of, product., i, also, like",u_741
36462836,2,4.5,0,0.078811728,149,2,1,"the, i, it, this, to, my, in, but, for, that",u_742
36518860,1,5,1,0.55,8,1,1,"the, best, eye, make, up, remover, so, far",u_743
36523796,1,5,31,0.127777778,154,1,0,"i, my, the, hair, it, is, but, with, never, to",u_744
36534144,1,5,0,0.8,2,1,0,"great, product",u_745
36617473,1,5,0,0.5,3,1,1,"love, this, product",u_746
36652435,1,5,1,0.203333333,49,1,1,"my, i, use, this, with, it, skin, have, clarisonic, face",u_747
36653203,1,5,87,0.015625,197,1,1,"i, my, on, it, the, this, is, products, have, of",u_748
36701575,1,1,0,0.1,23,1,1,"not, will, recommend, this!, dried, up, my, skin, smelled, like",u_749
36722403,1,5,1,0.2875,6,1,1,"great, little, bottles,, extremely, fast, shipping!",u_750
36843062,1,5,1,0.595,28,1,1,"i, them, they, absolutely, love, these., bought, to, put, essential",u_751
36855756,1,4,0,0.316666667,20,1,1,"nice, amount, of, insence, its, strong, smell, lasts, long, time",u_752
36902357,1,5,0,1,1,1,1,excellent,u_753
36921609,1,5,17,0.265598291,185,1,1,"i, the, it, of, in, to, my, good, /><br, it.",u_754
37186133,1,5,0,0,8,1,1,"i, get, lots, of, compliments, on, this, color.",u_755
37243178,1,4,0,0.3,5,1,1,"like, fresh, smell, use",u_756
37251438,1,1,0,0,13,1,1,"it, is, suppose, to, shape, your, eyebrows., i, will, never",u_757
37328430,1,5,0,0.084151786,71,1,1,"i, mascara, my, the, use, clear, but, to, keep, eyebrows",u_758
37361778,1,4,10,0.193166667,294,1,0,"i, the, to, of, my, this, mascara, that, lashes, it",u_759
37450777,1,5,0,0.525,47,1,1,"i, my, one, is, use, incense, instead, of, air, fresheners.",u_760
37537278,1,5,0,-0.09375,16,1,0,"difference, to, i, definitely, feel, the, think, i'm, start, g",u_761
37541571,1,5,0,0.583333333,8,1,1,"good, product, at, great, price., fast, shipping!",u_762
37551201,1,1,0,0,5,1,1,"stopped, working, in, 1.5, years.",u_763
37607641,1,5,0,0.011111111,25,1,1,"i, time., these, great, for, dry, mouth, bad, breath., my",u_764
37669659,1,5,0,0.8,2,1,1,"great, tools..",u_765
37689242,1,5,0,0.0175,91,1,0,"i, it, to, the, hair, my, when, products, have, one",u_766
37816651,1,5,0,0.270238095,16,1,1,"love, the, product!, smells, fantastic, doesn't, leave, my, hair, crunchy",u_767
37875446,1,5,0,0.541666667,14,1,0,"this, is, such, great, package!!!!!, love, that, i, can, return",u_768
37890034,1,5,0,0.183333333,14,1,0,"i, really, like, this, sweet, almond, oil., use, in, my",u_769
37904681,1,1,0,-0.383333333,25,1,1,"the, lip, tint, consistency, wasn't, wearable, for, me,, it, had",u_770
37971322,1,5,0,0.75,12,1,1,"best, soap, i, have, ever, used, (coconut, is, better, than",u_771
38030436,1,1,3,0.111458333,98,1,1,"the, i, this, in, smells, like, it, time, first, that",u_772
38035936,1,5,0,0.35,9,1,1,"my, absolute, favorite, incense., will, buy, again.",u_773
38113689,1,4,3,-0.041444444,93,1,1,"i, like, it, really, the, jar, my, that, to, doesn't",u_774
38140900,1,5,0,0.257007576,7,1,1,"nice, subtle, incense, fragrance., new, favorite!",u_775
38185053,1,5,0,0.3375,28,1,1,"good, it, i, price!, works, well., have, 3, years, now,",u_776
38224732,1,5,0,0.3,27,1,1,"nice, body, wash., i, suffer, from, some, of, the, things",u_777
38237397,1,5,0,0.9765625,3,1,0,"love, this, stuff!!!",u_778
38258482,1,5,1,0,11,1,1,"have, used, it, for, two, years, will, always, use, it.",u_779
38334738,1,5,29,0.310952381,41,1,1,"these, for, the, headbands, perfect, sports., they, fit, tight, stay",u_780
38343085,1,5,5,0.182222222,178,1,1,"i, it, to, the, in, your, this, with, no, skin",u_781
38367207,1,3,0,-0.016666667,50,1,1,"it, the, but, its, to, product, functions, pretty, noisy., has",u_782
38384071,1,5,0,0.222222222,26,1,1,"have, if, you, hairs, that, mind, of, its, own., this",u_783
38428756,1,5,0,0.402857143,25,1,1,"is, product, great, the, this, really, worth, every, cent., packaging",u_784
38450750,1,5,0,0.0775,42,1,1,"no, more, my, this, hygienist, was, always, complaining, plaque, buildup",u_785
38481152,1,5,0,0.361607143,14,1,0,"exactly, as, described., tight, fit., color, just, like, pics., they",u_786
38485378,1,5,0,0.4,27,1,1,"was, in, the, so, far, no, problems., delivery, prompt,, package",u_787
38508873,1,5,1,0.498447185,85,1,1,"i, this, my, soap!, great, like, in, so, acne, also",u_788
38516723,1,5,0,0.4,20,1,1,"i'll, never, use, another, product, again,i've, found, what, works., got",u_789
38529315,1,5,1,0.145,88,1,1,"for, it, it's, but, on, into, the, of, lid, i",u_790
38573613,1,5,5,0.5,10,1,1,"perfect, for, age., will, definitely, fit, adult, head.",u_791
38631586,1,5,2,0.241666667,37,1,1,"for, eye, these, really, nice, cosmetic, containers., they, quite, small",u_792
38722809,1,5,1,0.9,7,1,1,"great, product,, price!, would, buy, again.",u_793
38748453,1,4,0,0.158333333,27,1,1,"it, is, the, light, smells, good., like, so, far., only",u_794
38769878,1,3,0,-0.15,16,1,0,"mouthwash, this, was, average, for, me., freshened, breath, without, using",u_795
38935405,1,5,0,0.6,16,1,1,"the, i, love, color, tge, smell., well, packed, with, really",u_796
39021146,1,3,0,0.14125,89,1,1,"the, it, i, to, natural, of, over, be, i'm, on",u_797
39079342,1,3,1,0,9,1,1,"as, doesn't, work, well, i, thought, it, would",u_798
39117256,1,4,4,0.151506175,174,1,1,"the, with, shaving, to, i, using, my, was, for, electric",u_799
39158651,1,1,2,0.033655754,28,1,1,"not, the, does, don't, waste, your, money!!, rollerball, work., ball",u_800
39205837,1,4,0,0.414444444,10,1,0,"this, is, my, 2nd, bottle., very, good, product., ships, quickly.",u_801
39235677,1,2,0,0.23,59,1,0,"the, review, part, of, i, your, [copy, whole, text!, make",u_802
39259695,1,1,0,-0.1875,34,1,1,"it, put, your, didn't, do, anything, for, my, eyelashes, or",u_803
39264299,1,5,0,0.458333333,15,1,1,"love, these., they're, the, perfect, size, for, sharing, my, essential",u_804
39510332,1,5,0,0.386908637,132,1,0,"i, it, to, &, this, the, on, my, love, with",u_805
39521197,1,5,0,0.275,45,1,1,"i, the, on, as, item, arrived, time, was, described., usually",u_806
39577670,1,2,0,-0.25,26,1,1,"i, typically, love, alba, products., use, of, their, sunscreen, lines.",u_807
39616593,1,2,1,0.0125,106,1,1,"the, i, hair, it, my, to, just, started, product, of",u_808
39668549,1,5,4,0.318181818,17,1,1,"i, have, been, using, this, cream, for, years,, just, feel",u_809
39722750,1,4,0,0.302380952,39,1,1,"tanning, like, i, very, decent, smell, for, lotion., didn't, overwhelm",u_810
39879584,1,5,0,0.388888889,40,1,1,"i, to, it, subtle, on, my, fair, skin,, smells, great,",u_811
39915345,1,5,0,0.366666667,29,1,1,"these, perfect, for, of, my, hair, needs., i, like, that",u_812
40073441,1,4,2,0.073214286,49,1,1,"my, i, of, was, within, 1, month, saw, little, over",u_813
40079483,1,1,4,0,35,1,1,"i, have, for, to, been, taking, this, product, two, months",u_814
40081300,1,5,0,0.504761905,16,1,1,"the, our, daughter, loved, them., she, was, thrilled, at, number",u_815
40225512,1,5,1,0.175,6,1,1,"eorjs, fabulous, on, tangled, long, hair",u_816
40250364,1,5,0,0.16,42,1,1,"it, i, this, my, the, love, eye, cream., is, second",u_817
40299621,1,4,0,1,2,1,1,"perfect, size",u_818
40361147,1,5,0,0.4,11,1,1,"light, weight., it, kept, my, makeup, stay, put, for, longer",u_819
40395078,1,5,0,0.329166667,21,1,1,"it's, i've, only, used, one, so, far, worked, out, just",u_820
40440059,1,5,8,0.482142857,35,1,1,"them, with, these, containers, were, for, wedding, shower, favor., i",u_821
40667566,1,5,0,0.3125,3,1,1,"exactly, as, described!",u_822
40926171,1,5,0,0.3,9,1,1,"amazing, product, actually, does, help, with, reducing, razor, bumps.",u_823
40997632,1,4,0,0.2,5,1,1,"works, well, but, very, oily",u_824
41082473,1,5,0,1,2,1,1,"great, product!",u_825
41137196,1,2,0,-0.1,6,1,1,"this, was, not, what, i, expected.",u_826
41170149,1,5,0,0.092857143,9,1,1,"what, i, expected, priced, right., prompt, delivery, too.",u_827
41203407,1,5,2,0.14,69,1,1,"my, hair, it, for, has, only, grown, below, taking, 30",u_828
41204199,1,5,2,0.15625,51,1,1,"i, to, me, thickness, my, hair, the, have, used, this",u_829
41224306,1,5,0,0.124479167,53,1,1,"for, this, my, is, extra, fast, shipping, with, amazon, prime",u_830
41229394,1,5,1,0.174444444,35,1,1,"well, engineered, instrument., high, quality, bargain, at, 30, bucks., tough",u_831
41238422,1,5,0,1,11,1,1,"the, tint, is, awesome, but, seller, don't, even, send, one",u_832
41291743,1,3,0,0.4,48,1,1,"it, before, i, the, not, feet, using, this, do, wash",u_833
41326078,1,5,0,0,5,1,1,"works, well, for, the, price",u_834
41334444,1,5,0,0.8,3,1,0,"great, for, eyebrows",u_835
41550225,1,5,0,0.077777778,33,1,1,"i, they, deep, condition, my, hair, once, week, this, is",u_836
41607369,1,1,85,0.058634007,465,1,1,"i, to, my, it, this, have, that, was, on, product",u_837
41784918,1,5,0,0.65,4,1,0,"great, to, have,, satisfied.",u_838
41785697,1,3,0,0.171428571,71,1,1,"as, the, this, to, not, i, was, hoping, of, you",u_839
41817891,1,5,0,0.158333333,86,1,1,"the, hair, this, i, to, ur, frizz, free, curls, next",u_840
41863045,1,5,4,0.375,29,1,1,"i, my, hair, have, used, this, product, for, over, 15",u_841
41921118,1,1,0,0.148333333,43,1,0,"my, hair, i, that, this, was, hard, to, wash, out",u_842
41932795,1,4,2,0.077083333,45,1,1,"the, but, i, my, hair, it's, little, pricey, considering, size",u_843
41944975,1,5,0,0.7,4,1,1,"good, service, quality",u_844
41985309,1,5,1,0.229545455,73,1,0,"the, it, i, soap, my, this, of, but, absolutely, love",u_845
42059305,1,5,5,0.242857143,52,1,1,"the, has, one, of, for, it, skin., elemis, pro-collagen, marine",u_846
42088627,1,5,0,0.416666667,26,1,1,"my, it, this, product, applies, smoothly, on, skin,, is, not",u_847
42148355,1,4,1,0.1125,32,1,1,"but, you, i, using, this, product, to, heal, wound, left",u_848
42192723,1,1,1,0,16,1,1,"wouldn't, stick, to, anything, but, glass., i, sent, it, back",u_849
42198118,1,4,0,-0.00952381,54,1,1,"this, is, that, but, out,, lotion, it, the, only, ingrown",u_850
42216739,1,5,0,1,6,1,1,"best, lotion, i, have, ever, used",u_851
42242129,1,5,0,0.8,2,1,1,"great, purchase",u_852
42258940,1,5,0,0.8,3,1,1,"everything, is, great.",u_853
42282249,1,4,3,0.013939394,28,1,1,"i, have, been, using, for, 3, mos, starting, to, see",u_854
42318818,1,5,0,0.169444444,22,1,1,"as, i, the, it, doesn't, seem, strong, other, tea, tree",u_855
42348037,1,5,1,0.5,11,1,1,"amazing, makeup, remover., effortless, removal, of, even, waterproof, mascara., it's",u_856
42444199,1,5,0,1,8,1,1,"arrived, on, time., perfect, quality, not, pricey.",u_857
42502832,1,5,1,0.24,20,1,1,"wow,, week, of, using, this,, it's, made, pretty, big, difference.",u_858
42634970,1,5,0,0.391833333,85,1,1,"i, one, use, this, so, the, to, it, love, my",u_859
42644737,1,3,0,0.247398019,242,1,0,"my, hair, to, for, i, straight, the, look, just, it",u_860
42682079,1,5,1,0.625,28,1,1,"this, i, stuff, is, like, magic!, have, tried, everything, you",u_861
42686370,1,5,2,0.371428571,76,1,1,"i, have, face, the, cream, ., many, but, elemis, tell",u_862
42713347,1,3,2,0,24,1,1,"i, my, found, the, mascara, to, be, flaky....i, discontinued, using",u_863
42735498,1,4,0,0.103412698,156,1,1,"i, this, is, it, my, for, the, which, of, at",u_864
42793364,1,5,0,0,20,1,1,"i, like, this, cream, --, use, it, every, night, on",u_865
42846729,1,3,0,0.265833333,54,1,1,"good, but, these, is, it, i, like, of, dove's, men+",u_866
42867362,1,1,0,-0.8,6,1,0,"this, crap, worked, for, 2, hours.",u_867
42896658,1,5,0,0.252380952,39,1,1,"the, best, investment, ever, single, blade, is, you, need, less",u_868
42999045,1,5,0,0.108333333,92,1,1,"it, skin, i, to, your, this, so, for, but, you",u_869
43076122,1,3,0,0.155357143,33,1,1,"pretty, it, too, this, is, decent, salt, spray., has, good",u_870
43084737,1,5,0,1,3,1,0,"wonderful, almond, oil!",u_871
43165292,1,5,0,0.452083333,35,1,1,"at, the, this, is, wonderfully, soothing, on, my, feet., i'm",u_872
43231348,1,5,3,0.105,86,1,1,"for, this, not, the, stick, works, me,, is, non, aluminum",u_873
43243905,1,4,0,0.8,4,1,1,"great, affordable, product",u_874
43270205,1,5,0,0.354761905,89,1,0,"to, the, i, mascara, you, it, not, use, absolutely, love",u_875
43364015,1,3,0,0.293333333,23,1,0,"not, super, they, impressed, with, the, shadows,, pigmented., but, can",u_876
43450256,1,5,3,-0.063863636,71,1,1,"i, to, it, the, have, one, that, started, use, this",u_877
43450353,1,5,0,0.462,48,1,0,"i, this, to, love, the, golden, color, gave, just, one",u_878
43461820,1,5,2,0.246590909,57,1,0,"i, for, my, massage, this, is, i've, used, many, different",u_879
43490665,1,5,0,0.65,11,1,1,"this, works, great, i, love, that, there, no, cords.",u_880
43662681,1,3,0,0.216666667,45,1,0,"the, but, really, of, it, i'm, still, waiting, for, verdict",u_881
43689194,1,3,0,0.369444444,10,1,1,"pleasant, aroma, but, is, not, similar, to, the, original, paris",u_882
43733203,1,4,0,0.5,29,1,1,"the, i've, it's, definitely, not, best, eyeliner, used., used, better",u_883
43745079,1,5,0,0,4,1,1,"i, recommend, the, product.",u_884
43785116,1,5,0,0,10,1,1,"non-greasy;, moisturizing, does, what, it, says., will, purchase, again.",u_885
43789037,1,5,0,0.65,34,1,1,"in, i, absolutely, love, these, nails., sturdy,, great, length,, the",u_886
43812500,1,4,0,0.3125,12,1,1,"as, the, color, isn't, rich, i, would, like., but, it's",u_887
43845366,1,5,0,1,3,1,1,"i, love, it!!!!",u_888
43880276,1,4,14,0.224188034,100,1,1,"the, i, it, is, this, really, on, mirror, good, for",u_889
43954167,1,3,0,-0.125,28,1,1,"it, razor, for, this, doesn't, do, claims, to, do., i",u_890
43984107,1,5,0,0.625,8,1,1,"exactly, what, my, pt, used, in, therapy., perfect.",u_891
44039542,1,5,0,1,3,1,1,"best, mascara, ever!!!!!",u_892
44057097,1,2,0,0.122278912,325,1,1,"i, my, hair, the, it, that, used, curls, but, time",u_893
44091912,1,5,0,0.157692308,127,1,1,"i, to, this, the, my, it, think, helps, like, it's",u_894
44114746,1,5,0,0.3375,19,1,1,"works, potent, smell, but, great, to, clear, up, toenail, fungus.",u_895
44164069,1,5,4,0.205,42,1,1,"i, love, it, to, these., took, several, rolls, get, the",u_896
44215378,1,5,0,0.375,16,1,1,"i, love, this., it, goes, into, your, skin, fast!, no",u_897
44314010,1,5,0,0.306547619,67,1,1,"my, to, caps, for, i, them, showering,, when, these, perfect",u_898
44319261,1,5,0,0.5,12,1,1,"this, totally, love, perfume.hubby, is, picky, on, perfumes,but, loves, one",u_899
44458172,1,3,1,0,11,1,1,"few, months, there, really, hasn't, been, noticeable, difference.",u_900
44522791,1,1,0,-0.17,22,1,1,"hair, i, have, waist, length, these, barely, curled, the, ends.",u_901
44536231,1,2,0,-0.155555556,35,1,1,"it, i, not, the, has, dried, out, my, skin, makes",u_902
44659559,1,5,0,0.625,3,1,1,"absolutely, love, it!",u_903
44787600,1,1,1,-0.3125,4,1,1,"way, too, damn, small!",u_904
44826691,1,4,0,0.4,10,1,1,"as, not, bright, i, expected,, but, still, works, nice",u_905
44888790,1,5,0,0.25,13,1,1,"i, got, this, item, to, give, as, present., the, person",u_906
44895159,1,5,0,0,26,1,1,"using, for, years, of, the, i've, been, this, will, be",u_907
44916305,1,4,0,0.376904762,42,1,0,"it, for, on, when, you, open, theres, very, strong, smell",u_908
44954347,1,4,1,0.377083333,22,1,1,"skin, i've, received, many, bars, for, good, price.<br, />it, leaves",u_909
45026797,1,3,0,-0.029166667,29,1,1,"the, have, been, using, this, product, consistently, now, for, 3",u_910
45063696,1,4,0,0.16452381,46,1,0,"taste, product, the, it, will, little, bit, this, good, while",u_911
45084353,1,5,0,0.245,27,1,1,"i, the, waterpik, -, had, classic, for, several, years, recently",u_912
45086450,1,5,0,1,4,1,1,"best, one, i, have",u_913
45101905,1,3,0,-0.4,16,1,1,"it, did, not, help, me, i, feel, makes, worse, still",u_914
45181266,1,4,0,0.129166667,97,1,1,"to, my, i, the, it, eyes, is, this, product, dark",u_915
45291781,1,5,0,0.059583333,85,1,0,"i, it, is, like, taste, to, the, but, not, mouthwash.",u_916
45360573,1,5,1,0.124694444,86,1,1,"i, super, had, to, my, like, /><br, hands, orange, or",u_917
45402967,1,5,0,1,4,1,1,"great, for, my, skin!",u_918
45466141,1,4,3,0.112990196,218,1,1,"i, it, to, the, have, my, of, this, hair, use",u_919
45624813,1,5,1,1,8,1,1,"recommended, by, my, dentist., temporary,, but, works, great!",u_920
45630007,1,3,0,0.166666667,18,1,1,"i, would, not, buy, these, again., can, get, better, quality",u_921
45642180,1,4,0,0.077529762,29,1,0,"i, have, really, like, the, eye, gel., large, bags, under",u_922
45741131,1,5,0,0.577777778,16,1,1,"it, works, great, easy, to, use,, helps, massage, the, gums,",u_923
45759368,1,5,0,0.5,6,1,1,"my, favorite, product, i, love, it",u_924
45789983,1,2,1,-0.0703125,18,1,0,"the, do, not, buy, multi-packs!, by, time, you, use, first,",u_925
45832861,1,5,0,0.5,9,1,0,"as, alternate, to, coconut, oil, this, is, wonderful!",u_926
45844443,1,5,1,0.31437037,262,1,0,"the, i, it, my, very, like, for, is, of, have",u_927
45890611,1,5,1,0.325,47,1,1,"i, it, for, love, this, soap, have, been, using, years,",u_928
45942140,1,2,1,0.209895833,53,1,1,"i, that, it, to, can't, say, noticed, much, of, difference",u_929
45964299,1,2,2,0.25,51,1,1,"the, was, for, looking, that, but, option, john, frieda, gel,",u_930
46021330,1,5,0,0.313333333,30,1,1,"this, for, to, is, easy, i, bought, my, teenage, son",u_931
46052133,1,1,0,0.28125,27,1,1,"i, have, didn't, work, for, me., did, some, peeling,, but",u_932
46054152,1,4,0,1,2,1,0,"awesome, product!",u_933
46070787,1,5,0,0.75,14,1,1,"i, love, rosewater, how, wonderful, it, is, to, give, one",u_934
46129209,1,4,0,0.7,5,1,1,"good, razor, at, price",u_935
46134147,1,2,0,0.3,24,1,1,"i, the, lighting, was, off, like, more, yellow, tone, light,",u_936
46150105,1,5,0,0.11875,32,1,1,"works, really, i, like, the, nice, smell,, well., powdery, look",u_937
46151999,1,3,1,0.1625,38,1,1,"my, was, the, i, it, order, correct, but, little, disappointed",u_938
46277533,1,3,0,0.077083333,58,1,1,"the, these, i, pads, were, not, if, they, get, my",u_939
46286210,1,5,1,-0.079166667,30,1,1,"three, my, kids, use, this, swim, team, it, works, well.",u_940
46347122,2,5,0,0.363888889,34,1,1,"the, this, is, eye, it, of, good, liner., applies, nicely",u_941
46444142,1,2,0,0.3125,55,1,0,"the, murad, clarifying, cleanser, is, great, product, --, it's, not",u_942
46559668,1,5,0,0.65,4,1,1,"great, refreshing, non, drying",u_943
46632121,1,3,1,0.391666667,64,1,1,"to, the, product, eliminate, my, make-up, i, got, this, help",u_944
46632568,1,5,4,0.293095238,137,1,1,"to, the, my, i, 1.0, readers, in, of, not, cheap",u_945
46714821,1,5,0,0.454333333,62,1,1,"the, to, i, this, very, on, of, love, rose, water,",u_946
46781259,1,2,0,0.312310606,39,1,1,"to, the, read, lots, of, great, reviews, but, this, product",u_947
46829395,1,5,0,0.266041667,211,1,0,"the, is, i, that, for, /><br, to, have, this, of",u_948
46830734,1,4,0,0.266666667,10,1,1,"good, toothbrush., replacing, previous, oral-b, that, i, wore, out",u_949
46838847,1,1,2,0.216666667,89,1,0,"i, soap, my, using, this, for, on, the, of, started",u_950
46928665,1,3,1,0.131481481,69,1,1,"your, hair, you, the, see, only, to, for, grow, will",u_951
46955948,1,5,0,0,11,1,1,"the, only, brand, formula, that, works, to, cover, those, grays.",u_952
47154687,1,5,1,0.105555556,39,1,1,"i, have, to, or, found, this, glide, on, pretty, easily.",u_953
47169594,1,4,0,0,35,1,1,"i, like, in, to, step, 3, of, this, treatment, don't",u_954
47196601,1,5,1,0.165625,20,1,1,"as, it, price, is, reasonable, too., no, other, comments, on",u_955
47219531,1,3,0,0,20,1,1,"so, to, the, temps, close, same, size, that, it's, silly",u_956
47242722,1,5,1,0.9,6,1,1,"great, lather, &, it, smells, delicious.",u_957
47326271,1,5,0,0.541666667,21,1,1,"product!, great, i, love, it, will, buy, again., my, face",u_958
47346540,1,5,1,0.625,15,1,1,"perfect., couldn't, find, 1.0s, at, retail, store, these, were, exactly",u_959
47432307,1,5,0,0.278645833,23,1,0,"love, it!!, works, very, well!, i, even, did, test, by",u_960
47440922,1,5,0,0.593333333,24,1,1,"for, purchased, these, my, daughter, to, conjure, up, some, solid",u_961
47505880,1,1,1,0.15,17,1,1,"this, product, did, absolutely, nothing, for, me., following, instructions, exactly",u_962
47644800,1,5,1,0.162760417,46,1,1,"the, this, is, original, version, of, deodorant, we, grew, up",u_963
47758669,1,2,0,0,10,1,1,"they, were, too, big, for, what, i, need, them, for.",u_964
47777079,1,1,1,0,3,1,1,"didn't, like, this",u_965
47784418,1,4,1,0.315535714,62,1,1,"the, i, blade, because, have, would, my, first, safety, razor,",u_966
47791181,1,5,0,0.629166667,14,1,0,"my, didnt, burn, gums,, tasted, great, kept, mouth, feeling, clean",u_967
47848234,1,5,0,0.401428571,45,1,1,"the, is, it, this, great, product., i, prefer, over, pricier",u_968
47877338,1,5,0,0.8,20,1,1,"eye, great, this, cream, does, job, of, moisturizing, firming, the",u_969
47924050,1,5,0,0.09375,26,1,1,"i, this, love, product., it, doesn't, leave, my, skin, to",u_970
47925651,1,5,1,0.5,3,1,1,"love, it",u_971
47949297,1,5,0,0.496666667,28,1,1,"for, seriously, great, stuff-, goes, on, like, comfortable, moisturizer,, sits",u_972
48182689,1,5,14,0.32625,158,1,1,"it, i, you, to, on, is, my, that, it's, like",u_973
48206278,1,5,0,0.4775,16,1,1,"wonderful, product,, exactly, as, described., love, the, manual, recipe, booklet.",u_974
48376671,1,5,0,0.65,29,1,0,"i, it, been, using, this, make/model, for, years,, so, when",u_975
48386756,1,5,0,0.625,10,1,1,"great, price!, recommended, by, my, surgeon, it, really, works!",u_976
48387225,1,5,0,0.685,45,1,1,"is, the, hair, of, my, i, deva, curl, absolute, best",u_977
48458854,1,5,0,0.625,3,1,0,"love, this, product!",u_978
48459032,1,1,2,0,16,1,1,"the, clips, do, not, hold, curlers, in, place, i, burnt",u_979
48519323,1,1,4,0.066666667,96,1,1,"i, the, on, of, it, my, as, so, eye, mask",u_980
48599455,1,5,58,0.363050595,110,1,0,"they, i, the, like, for, my, great, of, use, in",u_981
48658287,1,4,1,0.384615385,20,1,1,"these, my, second, favorite, sample, size, pots., they, hold, good",u_982
48664395,2,3,0,0.011243386,60,1,1,"to, the, not, stick, with, use., good, product,, but, difficult",u_983
48737021,1,5,0,0.475,9,1,1,"good, product, lot, of, helpful, information., thanks!",u_984
48807854,1,5,0,0,7,1,1,"these, do, just, the, trick., thank, you!",u_985
48851561,1,1,1,-0.002142857,114,1,1,"i, to, it, of, the, for, this, was, get, in",u_986
48907969,1,5,1,0.4703125,55,1,1,"best, i, not, from, this, is, the, will, first, let",u_987
48956780,1,5,1,0.285714286,9,1,1,"i'm, reading, through, them, right, now., quality, affordable.",u_988
48965710,1,1,1,0.097443182,219,1,0,"i, this, the, to, of, not, it,, that, use, for",u_989
48981309,1,5,2,0.583333333,19,1,1,"skin, to, the, just, peeled, peeled., make, sure, soak, your",u_990
49029545,1,5,1,0,9,1,1,"my, son, loves, it., seems, to, be, helping, him.",u_991
49035365,1,5,0,0.256111111,17,1,1,"my, son, loves, it,, hard, to, find, on, the, shelves",u_992
49152784,1,5,1,0.7025,24,1,1,"the, great, lipstick, for, depoting,, stands, heat, to, melt, cream",u_993
49170808,1,5,0,0,10,1,1,"i, replacement, for, another, blade, bought., like, this, blade.",u_994
49203751,1,5,0,0.055,46,1,0,"it, is, i, to, as, really, like, this, product., ready",u_995
49240798,1,4,0,0.209722222,15,1,0,"feels, nice, it, helps, little, bit., not, dramatic, results., still,",u_996
49271906,1,4,1,0.477777778,27,1,1,"clips, it, works, quite, well., easy, to, put, on, rollers,",u_997
49332238,1,2,0,-0.15,4,1,1,"not, worth, the, money",u_998
49344407,1,5,0,0.113492063,86,1,1,"i, the, it's, than, so, it, on, this, jonathan, dirt,",u_999
49347294,1,2,0,0.25,31,1,1,"this, product, does, not, work, well., it, doesn't, harden, therefore",u_1000
49350717,1,3,1,-0.065,55,1,1,"it, it's, &, i, that, maybe, name, should, have, clued",u_1001
49385768,1,1,1,0.313888889,30,1,0,"of, very, them, these, bottles, cheap., they, crack, easily., couldn't",u_1002
49422458,1,5,1,0.433874459,62,1,1,"it, not, this, great, i, feeling, leaves, &#34;my, new, shower",u_1003
49466134,1,4,1,0.2703125,55,1,1,"it, is, really, packaged, to, great, quality,, just, wish, was",u_1004
49572016,1,5,0,0.25,10,1,1,"great, product,, fast, shipping., however,, giant, box, for, tiny, item",u_1005
49590458,1,5,0,0.37265625,37,1,1,"my, i, softer,, so, it's, been, over, 3, weeks,, just",u_1006
49631440,1,4,0,-0.066666667,33,1,1,"the, if, you, have, dry, mouth,, these, lozenges, will, solve",u_1007
49687965,1,5,3,0.2828125,73,1,1,"this, the, is, i, you, one, but, of, my, hair",u_1008
49782164,1,4,1,0.160606061,95,1,1,"the, i, this, he, to, my, when, salicylic, acne, &",u_1009
49794679,1,4,0,0.375,14,1,1,"the, not, sure, why, rust, forms, between, charger, brush....everyday., but",u_1010
49799334,1,3,1,0.266666667,83,1,1,"is, it, for, i, with, another, puck, the, cup., that",u_1011
49838387,1,5,0,0.107118056,73,1,0,"i, have, got, it, super, use, already, to, dark, this",u_1012
49968737,1,4,0,0.058680556,55,1,1,"it's, be, to, i, like, this, product., nice, that, versatile",u_1013
50024760,1,4,0,0.24375,24,1,1,"good, dryer., little, travel, folds, opens, with, ease., the, flow",u_1014
50175494,1,5,0,0.15,8,1,1,"works, great., replacement, heads, not, too, expensive.",u_1015
50176342,1,3,4,0.078333333,35,1,1,"to, them, colors, fantascie, order, arrived, quickly., problem:, they, too",u_1016
50304361,1,5,0,0.127777778,100,1,1,"it, is, have, to, it., my, i, made, in, the",u_1017
50410173,1,5,0,0.252380952,116,1,0,"i, the, it, to, this, at, even, out, for, had",u_1018
50446515,1,3,1,0.316666667,20,1,1,"product, would, be, great, except, for, the, fact, that, it",u_1019
50507317,1,2,2,0.12,38,1,1,"i, was, this, disappointed, with, eye, cream, as, normally, burts",u_1020
50545600,1,5,0,-0.625,7,1,1,"you, can, never, go, wrong, with, this!",u_1021
50581695,1,5,0,0.133333333,2,1,1,"old, classic...",u_1022
50628765,1,1,0,-0.0375,73,1,1,"the, glasses, i, arms, to, connected, when, on, replacement, pair",u_1023
50641417,1,5,21,0.430104895,82,1,1,"i, to, very, with, that, great, these, they, nice, glasses",u_1024
50697732,1,5,25,0.347424242,230,1,0,"i, to, the, it, face, this, my, of, makeup, on",u_1025
50707626,1,4,0,0.91,3,1,0,"very, good, product",u_1026
50709833,1,5,0,1,18,1,1,"this, is, i, the, best, shea, butter, ever, had!, stuff",u_1027
50806250,1,1,1,-0.041666667,79,1,1,"i, it, is, this, was, in, diameter, see, at, not",u_1028
50853783,1,5,0,0.206349206,19,1,1,"i, like, 'em, lot...., one, right, before, bed-, less, bothered",u_1029
51036050,1,5,3,0.19375,129,1,1,"the, scent, of, in, it, /><br, have, round, stick, brut",u_1030
51053659,1,5,0,0,5,1,1,"no, smell, not, greasy!",u_1031
51268397,1,5,1,0,15,1,1,"the, only, one, i, will, use., no, aluminum, clorhidrate., works",u_1032
51308121,1,5,1,0.223333333,83,1,1,"i, their, for, this, use, it, of, the, on, my",u_1033
51308244,1,5,0,0.377272727,51,1,1,"to, this, great, is, excellent, kit:, quality,, handy, pouch., kit",u_1034
51309613,1,3,0,0.097123016,142,1,1,"i, is, it, not, what, like, facial, this, product, does",u_1035
51317794,1,5,0,0.456666667,78,1,0,"it, my, i, to, is, the, that, have, of, first,",u_1036
51317927,1,4,4,0.07332989,298,1,1,"to, i, the, was, it, my, on, but, had, hair",u_1037
51418182,1,5,2,0.189251894,109,1,1,"i, to, this, the, love, have, what, my, skin, gets",u_1038
51466245,1,5,4,0.425,43,1,1,"it, to, product, is, have, try, this, amazing., you, for",u_1039
51493266,1,5,0,0.583333333,10,1,1,"absolutely, love, these!, best, beauty, blenders, i've, used, so, far!",u_1040
51531697,1,5,0,0.65,19,1,1,"scent, for, true, f, indian, temple., the, lingers, hours, making",u_1041
51595247,1,5,3,0.527777778,12,1,1,"super, fast, shipping!, perfect, for, my, diy, lip, gloss, eye",u_1042
51717971,1,5,0,0.63,6,1,1,"great, product!, very, fast, shipment, also.",u_1043
51903754,1,4,0,0.102604167,63,1,0,"the, i, that, had, made, my, of, it, thought, mouthwash",u_1044
51998075,1,5,0,0.25,8,1,0,"i, enjoy, the, soft, smell, of, this, lotion.",u_1045
52098895,1,4,9,0.154099822,200,1,1,"it, i, the, you, on, to, if, as, in, because",u_1046
52151053,1,5,0,1,2,1,1,"great, toothbrush!",u_1047
52175945,1,5,7,0.210646259,178,1,1,"i, at, for, the, this, so, my, but, it, to",u_1048
52181396,1,5,0,1,1,1,1,excellent,u_1049
52181562,1,5,2,0.112239583,78,1,1,"i, this, you, will, don't, have, the, that, if, like",u_1050
52216383,1,5,0,0.165277778,82,1,1,"i, this, is, my, to, the, mustache, going, of, get",u_1051
52240866,1,4,0,0.78,3,1,1,"very, nice, razor.",u_1052
52277141,1,1,1,0,6,1,1,"don't, depend, on, this, at",u_1053
52470136,1,5,7,0.263833333,81,1,0,"the, this, not, i, one, i've, which, is, has, burn",u_1054
52503250,1,4,0,0.55,12,1,1,"good, color,, smooth, application,, you, can, ask, for, in, eyeliner.",u_1055
52513905,1,5,0,0.240625,24,1,1,"dryer, i, needed, small, to, remove, labels., it, works, like",u_1056
52547169,1,3,0,-0.158267587,109,1,1,"the, to, i, be, then, my, hair, it, minutes, for",u_1057
52704310,1,5,0,0.258333333,4,1,1,"fine, product,, delivered, early",u_1058
52752390,1,4,2,0.171515152,91,1,1,"it, i, there, the, rollers., clips, very, is, to, that",u_1059
52775169,1,5,0,0.300238095,49,1,1,"it, i, this, product, gives, me, golden,, even, tan, that",u_1060
52779083,1,5,0,0.316666667,20,1,1,"this, is, great, way, to, get, product, i, like, for",u_1061
52792468,1,5,0,0.212121212,100,1,1,"to, the, it, wax, this, is, i've, been, my, out",u_1062
52868879,1,5,1,-0.066964286,46,1,1,"the, i, of, mirror, it, purchased, lighted, vanity, from, ikea.",u_1063
52892429,1,2,1,0.5,17,1,1,"it, to, stings, my, eyes., you, supposed, be, able, rub",u_1064
52933084,1,5,1,-0.05,21,1,1,"sting, works, well., got, rid, of, everything., does, not, my",u_1065
52987244,1,3,0,0.181581752,277,1,0,"i, the, hair, it, which, of, to, not, is, but",u_1066
53047441,1,5,0,0.198484848,68,1,1,"i, different, what, exactly, arrived, even, though, one, for, went",u_1067
53047575,1,1,1,-0.15,8,1,1,"this, is, junk., not, worth, the, four, bucks.",u_1068
53057780,1,4,18,0.137878788,126,1,1,"i, the, to, 15x, it's, too, on, that, with, -",u_1069
53057877,1,5,0,0.195555556,114,1,1,"i, the, razor, with, was, gillette, double, edge, as, of",u_1070
53058974,1,5,0,0.293333333,49,1,1,"to, it, this, is, product., i, find, your, great, was",u_1071
53066742,1,1,0,-0.165185185,16,1,1,"mirror, projected, highly, distorted, image, upside, down, like, something, from",u_1072
